ID,Age,Education_level,Income,Marital_Status,Total_Spend,NumWebPurchases,NumCatalogPurchases,NumStorePurchases,Total_Campaigns_Accepted
5524,67,high,58138.0,Single,1617,8,10,4,0
2174,70,high,46344.0,Single,27,1,1,2,0
4141,59,high,71613.0,Together,776,8,2,10,0
6182,40,high,26646.0,Together,53,2,0,4,0
5324,43,Low,58293.0,Married,422,5,3,6,0
7446,57,high,62513.0,Together,716,6,4,10,0
965,53,high,55635.0,Divorced,590,7,3,7,0
6177,39,Low,33454.0,Married,169,4,0,4,0
4855,50,Low,30351.0,Together,46,3,0,2,0
5899,74,Low,5648.0,Together,49,1,0,0,1
1994,41,high,51381.5,Married,19,1,0,2,0
387,48,Middle,7500.0,Married,61,2,0,3,0
2125,65,high,63033.0,Divorced,1102,3,4,8,0
8180,72,high,59354.0,Divorced,310,6,1,5,0
2569,37,high,17323.0,Married,46,1,0,3,0
2114,78,Low,82800.0,Single,1315,7,6,12,2
9736,44,high,41850.0,Married,96,3,0,3,0
4939,78,high,37760.0,Together,317,4,1,6,0
6565,75,high,76995.0,Married,1782,11,4,9,1
2278,39,Low,33812.0,Single,133,2,1,3,0
9360,42,high,37040.0,Married,316,4,2,5,0
5376,45,high,2447.0,Married,1730,0,28,0,0
1993,75,Low,58607.0,Married,972,2,3,9,1
4047,70,Low,65324.0,Married,544,6,2,9,0
1409,73,high,40689.0,Together,444,7,1,5,0
7892,55,high,18589.0,Single,75,2,1,3,0
2404,48,high,53359.0,Married,257,5,1,4,0
5255,38,high,51381.5,Single,637,27,0,0,0
9422,35,high,38360.0,Married,131,2,1,4,0
1966,59,Low,84618.0,Married,1672,6,9,10,1
6864,35,high,10979.0,Divorced,30,3,0,3,0
3033,61,high,38620.0,Together,318,2,5,3,0
5710,54,high,40548.0,Together,120,2,1,4,1
7373,72,Low,46610.0,Divorced,302,4,1,6,0
8755,78,high,68657.0,Married,1196,3,5,9,0
10738,73,high,49389.0,Single,65,2,0,3,0
4339,54,Low,67353.0,Married,913,5,6,12,0
10755,48,Low,23718.0,Married,81,3,1,2,0
8595,51,high,42429.0,Widow,67,1,1,3,0
2968,81,Low,48948.0,Divorced,902,7,10,5,1
8601,44,high,80011.0,Married,1395,8,6,5,0
503,39,high,20559.0,Married,53,2,0,3,0
8430,67,high,21994.0,Together,22,0,0,3,0
7281,65,Low,51381.5,Single,186,1,3,4,0
2139,49,high,7500.0,Married,31,2,0,3,0
1371,48,high,79941.0,Single,984,2,4,9,0
9909,28,Low,7500.0,Married,122,3,1,3,0
7286,56,high,41728.0,Together,55,2,0,2,0
7244,73,high,51381.5,Single,124,2,1,4,0
6566,70,Low,72550.0,Married,1319,5,2,12,0
8614,67,high,65486.0,Widow,507,4,2,10,0
4114,60,high,79143.0,Married,1693,6,9,13,0
1331,47,high,35790.0,Single,72,2,0,3,0
2225,47,high,82582.0,Divorced,1617,4,9,7,2
9381,46,high,66373.0,Married,606,4,2,10,0
6260,69,high,82384.0,Together,1957,3,10,13,1
10383,58,high,70287.0,Divorced,1093,5,5,10,0
7437,36,high,27938.0,Single,29,1,0,4,0
8557,42,high,51381.5,Single,46,2,0,3,0
8375,56,Low,55954.0,Married,518,8,2,6,0
6853,42,high,75777.0,Single,1438,3,6,11,2
3076,49,high,66653.0,Together,612,4,2,12,0
1012,72,high,61823.0,Single,884,8,2,10,0
6518,73,Low,67680.0,Widow,606,7,3,8,0
4137,76,high,70666.0,Together,1076,7,4,4,0
8082,53,high,25721.0,Married,34,1,1,2,0
1386,57,high,32474.0,Together,11,1,0,2,0
9369,45,Low,88194.0,Single,1274,11,10,10,2
4477,66,high,69096.0,Together,653,5,2,10,0
1357,54,high,74854.0,Together,1562,2,5,5,0
1402,70,high,66991.0,Married,1253,4,8,6,0
10629,51,Low,51381.5,Married,109,3,0,3,0
6312,65,high,65031.0,Married,863,10,3,13,0
8132,49,Low,60631.0,Married,661,9,2,8,1
1050,72,high,28332.0,Married,65,2,1,4,0
5846,47,high,40246.0,Divorced,13,1,0,2,0
1859,52,high,75251.0,Married,1890,7,6,5,0
7503,48,high,75825.0,Single,2209,5,8,9,1
10401,48,Low,26326.0,Together,18,0,0,3,0
1618,59,high,56046.0,Together,692,10,1,8,1
3332,39,high,29760.0,Single,165,3,1,4,0
2261,55,high,26304.0,Married,16,1,0,2,0
5346,51,Low,23559.0,Married,79,3,0,3,0
4119,61,high,38620.0,Together,318,2,5,3,0
535,37,high,81361.0,Divorced,778,3,10,13,0
5268,64,high,29440.0,Married,56,1,0,4,0
273,54,high,36138.0,Married,151,3,1,4,1
4452,67,high,50388.0,Single,372,6,1,6,2
8504,51,high,79593.0,Married,1366,5,6,7,1
771,57,high,54178.0,Together,194,2,2,5,0
8996,67,Low,51381.5,Married,603,7,2,8,0
9235,67,high,51381.5,Single,18,1,0,2,0
5798,51,high,51381.5,Together,985,2,4,8,0
11178,52,high,42394.0,Single,32,1,0,3,0
2230,54,Low,23626.0,Married,43,3,1,3,0
7516,41,high,30096.0,Married,45,2,0,3,0
7247,64,high,47916.0,Widow,606,7,4,6,1
11100,52,high,51813.0,Divorced,63,2,0,3,0
4646,73,Low,78497.0,Married,978,5,7,12,1
3037,41,Low,50150.0,Married,410,5,2,7,0
1473,64,Low,47823.0,Single,72,2,0,3,0
1016,65,Low,34554.0,Single,55,2,0,3,0
4518,45,high,85693.0,Together,1169,9,5,11,0
9370,79,Low,65846.0,Married,1120,6,3,6,0
8908,65,high,87195.0,Married,1097,3,11,5,0
8373,45,Middle,24594.0,Together,29,1,0,3,0
7533,60,high,49096.0,Married,187,4,1,4,0
2683,55,high,52413.0,Married,910,6,4,12,0
3629,46,high,38557.0,Single,145,3,1,3,0
10991,64,high,89058.0,Married,850,5,4,4,0
5077,45,high,77298.0,Together,969,6,6,11,0
7431,33,Low,68126.0,Single,1820,7,4,5,1
3267,61,high,57288.0,Together,608,8,1,8,1
999,33,high,86037.0,Single,730,6,7,11,2
9215,44,Low,43974.0,Married,551,6,4,6,0
2286,62,high,50785.0,Single,114,2,1,3,0
1592,54,high,90765.0,Married,1724,4,6,5,2
367,46,Low,36550.0,Married,577,9,1,5,0
5234,57,Low,30753.0,Together,81,1,1,3,0
9862,55,high,21918.0,Together,33,2,0,3,0
9805,71,high,56129.0,Together,660,6,2,10,0
6205,57,high,32557.0,Single,80,2,1,3,0
8442,39,high,19510.0,Married,30,1,0,3,0
7386,48,high,30992.0,Divorced,43,1,0,3,0
7215,41,high,101970.0,Single,1135,6,8,13,3
1491,59,Low,71488.0,Together,559,3,4,7,0
11071,40,high,79607.0,Single,1923,3,6,6,0
3381,71,high,54348.0,Married,90,2,0,4,0
8268,63,Low,51381.5,Married,404,6,1,7,0
11051,68,Low,77376.0,Together,661,6,3,10,0
8026,72,high,62998.0,Married,463,5,4,5,0
433,66,high,61331.0,Alone,632,11,1,6,0
9597,55,high,73448.0,Married,725,7,2,9,0
1295,61,high,51381.5,Married,725,6,5,7,0
5290,60,Low,41551.0,Married,279,5,1,5,0
1685,57,Low,62981.0,Together,1482,4,5,13,1
5342,48,Middle,9548.0,Divorced,29,1,0,3,0
9579,65,Low,33762.0,Married,106,2,2,2,0
7660,51,Low,35860.0,Alone,49,1,1,2,1
1461,59,Low,36921.0,Divorced,38,2,0,3,0
821,32,high,92859.0,Single,2077,5,4,12,0
11084,48,high,65104.0,Together,1053,3,5,7,0
8690,62,high,86111.0,Married,1385,5,7,10,0
2937,50,Low,68352.0,Single,871,8,5,9,0
9701,36,high,41883.0,Together,312,4,2,3,0
9949,48,high,59809.0,Married,877,3,3,6,0
10837,49,high,23957.0,Married,68,2,0,3,0
3120,43,high,38547.0,Together,22,1,0,2,0
5885,51,Low,35688.0,Married,211,4,1,4,0
4050,58,high,49605.0,Married,127,2,1,4,0
3830,71,high,59354.0,Married,459,4,4,7,0
7987,55,high,65747.0,Married,460,8,1,6,1
7798,52,Low,46344.0,Together,429,7,1,5,0
92,36,high,34176.0,Alone,89,3,0,4,0
7055,72,Low,61010.0,Together,1021,8,5,11,0
10240,75,high,69372.0,Together,1381,10,4,6,2
3025,66,high,49967.0,Single,306,6,1,5,0
9283,46,high,60199.0,Single,18,0,0,3,0
9970,47,high,55375.0,Together,162,1,1,6,0
2730,69,high,80317.0,Single,1231,3,4,10,0
2795,66,high,30523.0,Single,13,1,0,2,0
9260,79,Low,70356.0,Married,1706,10,6,9,0
8182,40,high,23228.0,Married,121,3,0,4,0
10095,49,Low,74165.0,Divorced,1293,5,4,10,0
8475,51,Low,157243.0,Married,1608,0,22,0,0
4370,58,high,43482.0,Together,88,2,0,4,0
10573,71,high,62551.0,Divorced,421,6,7,4,1
3712,65,high,52332.0,Divorced,259,3,2,6,1
6637,36,high,66951.0,Single,1117,3,4,7,0
3152,67,high,26091.0,Together,89,2,1,3,0
5610,59,high,33456.0,Together,36,1,0,3,0
6460,42,high,28718.0,Married,57,2,0,3,0
1349,54,high,50447.0,Married,148,3,1,3,0
1880,65,Low,53537.0,Together,93,2,1,3,0
641,57,high,52074.0,Single,119,2,2,2,1
8717,49,Low,80427.0,Married,1835,11,8,8,0
10314,76,Low,83837.0,Married,1318,9,10,5,2
10854,54,Low,38853.0,Married,45,2,0,3,0
10492,65,high,38285.0,Together,10,0,0,3,0
6935,73,Low,78497.0,Married,978,5,7,12,1
7698,48,Low,51650.0,Married,191,4,1,4,0
3559,36,Low,16248.0,Married,57,2,1,3,0
10562,78,high,66835.0,Married,1033,6,4,13,0
10796,40,high,30477.0,Married,66,1,1,3,0
2563,63,Middle,28249.0,Married,43,2,0,3,0
3518,41,high,25271.0,Married,50,1,1,2,0
5823,54,Low,32303.0,Single,39,1,0,4,0
3934,58,high,61286.0,Married,608,7,1,8,0
6982,48,high,74068.0,Married,1581,4,10,9,0
6431,60,Low,45759.0,Married,68,2,0,3,0
9733,46,Middle,24882.0,Together,80,1,1,2,1
5602,35,Low,66973.0,Together,1282,8,7,12,0
7829,124,Low,36640.0,Divorced,65,2,1,2,0
1324,36,high,38872.0,Married,91,3,0,3,0
326,51,high,51148.0,Married,315,5,1,6,0
7224,47,high,31353.0,Married,31,1,1,2,0
6999,44,high,69661.0,Married,834,7,3,12,0
9938,70,high,80067.0,Married,1600,4,6,6,1
6422,70,high,86718.0,Married,1270,5,6,5,0
3182,51,Low,46854.0,Single,263,5,1,3,1
7300,72,high,69142.0,Divorced,535,8,1,7,1
10424,56,high,75922.0,Single,1295,4,4,9,0
8727,46,high,63693.0,Divorced,1150,11,6,9,0
2798,47,Low,102160.0,Together,1240,7,9,10,3
1030,59,Low,40637.0,Single,38,1,0,3,0
624,40,high,18890.0,Single,35,0,1,2,1
5176,36,high,29604.0,Together,53,1,0,3,1
5552,61,high,48721.0,Divorced,293,4,2,5,0
868,58,high,44794.0,Married,65,2,0,3,0
380,70,high,64497.0,Divorced,1804,11,4,9,1
2677,68,high,46097.0,Together,241,3,1,6,0
6521,70,high,77972.0,Together,1101,4,6,9,0
6927,56,Low,44377.0,Married,264,5,1,5,0
2877,50,high,46014.0,Together,541,7,1,8,0
0,39,high,70951.0,Married,1198,3,4,9,0
1584,47,high,41443.0,Married,482,8,1,5,0
7264,46,Low,52195.0,Single,17,1,0,2,0
6274,76,high,83790.0,Married,1615,8,10,6,2
1377,70,high,44551.0,Widow,285,4,1,5,0
454,44,high,69508.0,Together,1135,11,4,11,0
1755,36,Low,45204.0,Together,114,1,1,4,0
2075,55,high,72460.0,Married,1047,3,5,7,0
4785,54,Low,77622.0,Together,714,6,3,11,0
9076,44,Low,30732.0,Married,185,4,1,4,0
7079,62,high,63887.0,Divorced,1245,9,6,12,0
4653,46,high,42011.0,Together,189,3,1,4,0
7375,48,high,51369.0,Together,576,8,2,4,0
709,72,high,51537.0,Divorced,1103,2,2,11,0
460,52,Low,79930.0,Married,1753,3,5,8,0
3726,38,Low,34320.0,Together,17,1,0,2,0
6798,58,high,37070.0,Single,433,5,1,8,0
5341,62,Low,81975.0,Divorced,1588,6,3,4,1
1606,53,high,38590.0,Together,22,1,0,2,0
9617,73,high,15033.0,Single,19,1,0,3,0
3233,59,Low,62745.0,Married,1117,7,8,11,0
89,49,Low,22212.0,Married,69,2,0,4,0
2936,42,high,23661.0,Together,23,1,0,3,0
9449,66,Low,79761.0,Single,605,5,2,11,0
7297,51,high,7500.0,Single,57,3,1,3,0
11004,131,Low,60182.0,Single,22,1,0,2,0
313,56,high,73455.0,Widow,2088,6,5,10,1
9940,66,high,64961.0,Together,1009,6,4,4,0
10735,53,high,22804.0,Single,26,2,0,2,0
9529,34,high,73687.0,Married,1627,3,9,9,1
6439,66,high,61074.0,Married,1102,11,5,8,0
7411,60,Low,31686.0,Married,17,1,0,3,0
2176,52,high,80134.0,Married,1690,5,3,6,3
9265,71,high,75027.0,Married,1390,9,4,6,0
8867,36,Low,67546.0,Married,2126,4,10,5,0
8932,55,high,65176.0,Together,1531,9,6,6,0
10236,49,high,31160.0,Single,64,2,0,3,0
6340,39,high,29938.0,Single,26,1,0,3,0
10089,50,high,102692.0,Divorced,1112,6,9,13,4
2227,66,Low,26490.0,Together,210,3,1,5,0
10992,57,high,75702.0,Together,1148,4,6,11,0
5304,50,Low,30899.0,Single,33,1,0,3,0
309,63,Low,63342.0,Together,1101,8,3,5,1
3406,60,high,45989.0,Single,322,3,2,7,0
2661,60,high,18701.0,Single,44,2,0,4,0
3153,67,Low,40737.0,Single,17,1,0,2,0
10264,45,high,15287.0,Divorced,31,1,1,2,1
1184,56,Low,69674.0,Divorced,845,10,2,10,0
4200,54,high,44159.0,Married,275,4,1,6,0
9396,46,Low,37717.0,Married,25,1,0,2,0
2387,72,high,43776.0,Together,275,5,2,4,0
6690,58,high,38179.0,Married,90,3,1,3,0
1225,61,high,80124.0,Married,1495,3,7,8,1
9703,54,Low,38097.0,Married,184,3,2,2,1
291,54,high,72940.0,Married,981,3,3,6,0
4557,54,high,22070.0,Together,67,2,2,2,0
2379,71,high,69267.0,Single,1635,3,4,5,0
5726,41,high,31788.0,Single,60,3,0,4,0
3066,49,Low,61905.0,Together,231,4,2,4,0
6336,64,high,29315.0,Married,48,2,0,4,0
10967,61,high,33378.0,Divorced,99,2,0,4,0
2304,61,Low,66313.0,Together,770,6,3,12,0
3445,68,high,60714.0,Single,957,7,4,10,0
7828,43,high,77882.0,Together,818,3,3,5,0
3762,38,Low,69867.0,Single,925,3,5,8,1
4391,56,high,63841.0,Divorced,908,9,3,9,0
4669,43,Middle,24480.0,Married,102,3,0,4,0
10144,48,high,51369.0,Together,576,8,2,4,0
8652,78,high,37760.0,Together,317,4,1,6,0
1672,50,Low,65640.0,Together,461,5,1,8,0
8962,49,high,44319.0,Married,37,2,0,3,0
9974,50,high,30631.0,Married,70,3,1,2,0
10983,72,high,75278.0,Together,930,6,3,13,0
8148,68,high,50898.0,Together,859,6,2,12,0
10102,58,high,79946.0,Widow,1478,5,11,5,0
4697,75,high,35416.0,Divorced,390,7,1,5,0
9262,40,Low,32414.0,Together,52,1,0,3,1
7254,55,high,38361.0,Together,137,3,1,3,0
4543,44,high,82497.0,Married,1919,2,7,9,1
4927,53,high,16626.0,Together,68,3,0,3,0
10451,59,high,29672.0,Together,25,0,0,3,0
2926,72,high,55951.0,Together,1374,3,6,11,2
2874,36,Low,35388.0,Divorced,32,1,0,3,0
9738,38,high,42386.0,Together,100,3,0,3,0
7119,42,high,68627.0,Single,825,2,3,6,0
3924,59,Low,57912.0,Divorced,916,8,3,12,1
5827,66,high,35246.0,Divorced,62,3,1,3,0
5596,68,Low,58821.0,Together,728,9,2,9,0
10812,46,Low,46377.0,Married,90,2,1,3,0
1717,36,high,39747.0,Single,273,5,1,4,0
9491,40,high,23976.0,Together,66,3,1,3,0
9274,63,high,80950.0,Married,1213,6,7,9,1
6609,58,high,27038.0,Widow,107,3,0,3,0
6963,77,high,77457.0,Single,1157,2,5,10,1
4440,60,high,64100.0,Married,546,8,3,6,1
1379,32,high,42670.0,Together,241,4,2,4,0
10032,48,high,12571.0,Divorced,53,3,1,3,0
2826,57,high,22574.0,Married,37,2,0,3,0
2437,35,high,51381.5,Married,1611,6,5,12,2
6320,48,high,70893.0,Single,1508,6,6,10,0
3050,58,high,54198.0,Married,235,3,1,6,0
231,68,high,28839.0,Together,32,2,0,3,0
2392,52,high,40321.0,Married,102,3,0,3,0
9478,39,high,66503.0,Single,401,4,3,6,0
113,73,high,30833.0,Married,28,1,0,3,0
2863,54,high,51381.5,Single,1052,2,3,10,2
1802,53,high,64795.0,Married,680,3,3,12,0
520,50,high,34421.0,Married,30,1,0,2,0
8275,59,Low,47025.0,Divorced,20,1,0,2,0
9750,63,Low,64325.0,Divorced,1307,10,3,5,0
2607,71,high,40464.0,Single,630,8,2,8,0
7214,67,high,62187.0,Married,1283,4,8,5,0
5835,48,Low,14849.0,Divorced,65,2,0,4,0
3896,40,high,27255.0,Married,37,1,0,3,0
10350,74,Low,54432.0,Married,38,1,0,3,0
7786,38,Low,29999.0,Single,160,3,1,4,0
2861,41,high,24072.0,Single,23,1,0,2,0
663,35,Low,33996.0,Single,71,1,1,3,0
10675,68,Low,66334.0,Married,1161,9,3,5,0
2521,53,high,35178.0,Married,59,1,1,2,1
9592,41,high,22010.0,Together,33,2,0,3,0
10151,64,high,62204.0,Divorced,946,4,5,12,0
7381,56,high,75693.0,Divorced,1442,11,4,6,3
4099,52,high,30675.0,Married,62,1,0,3,0
9560,59,high,83003.0,Together,1674,7,6,8,1
1150,125,Low,83532.0,Together,1853,4,6,4,1
10172,36,high,68655.0,Single,1538,4,5,11,0
11191,38,high,41411.0,Divorced,139,2,1,4,0
9707,55,Low,55212.0,Married,1182,4,2,11,2
6245,74,Low,59292.0,Together,507,3,5,8,0
8234,51,Middle,27190.0,Together,18,1,0,2,1
1411,72,high,82623.0,Divorced,940,2,9,4,0
8553,59,high,44300.0,Married,42,1,0,3,0
1826,54,high,84835.0,Divorced,1190,4,4,6,0
8842,53,high,30372.0,Widow,44,2,0,3,0
11030,48,high,33181.0,Married,16,1,0,2,1
2579,67,high,71113.0,Married,835,6,7,9,0
175,38,high,71952.0,Married,1443,8,4,8,2
9185,58,Low,69759.0,Single,1029,4,6,5,0
11056,50,high,72099.0,Married,1188,3,4,10,0
9365,48,Low,60000.0,Single,1277,11,3,5,0
6201,46,high,38643.0,Single,49,2,0,3,0
2061,69,high,50737.0,Married,99,2,0,4,1
6184,55,Low,68462.0,Married,1670,3,3,8,0
6142,81,high,65073.0,Married,900,5,3,5,0
4107,76,Low,46681.0,Together,425,4,6,4,0
7274,67,high,78618.0,Married,2153,4,7,10,1
9336,55,Low,62187.0,Widow,636,6,2,10,0
2958,46,high,28442.0,Married,57,2,1,4,0
933,46,Low,37717.0,Married,25,1,0,2,0
5837,57,high,51479.0,Married,494,6,3,6,0
10704,55,high,54803.0,Single,693,6,2,9,0
5125,64,high,79530.0,Married,1348,4,10,11,0
4432,48,high,31615.0,Divorced,51,2,0,3,0
5955,62,high,72025.0,Together,1932,4,3,8,0
2928,49,Low,52614.0,Single,990,2,4,8,0
5680,40,Low,35684.0,Married,30,1,0,3,0
10313,49,high,48178.0,Married,254,5,1,4,0
2557,54,high,29548.0,Single,29,1,1,2,1
1245,58,high,63810.0,Single,1371,4,3,12,1
1519,52,Low,38578.0,Single,73,3,0,3,0
10703,49,high,46098.0,Single,120,3,2,2,0
1726,54,high,22585.0,Single,81,1,1,2,1
4459,35,high,30279.0,Single,37,1,0,3,0
1729,63,Low,66426.0,Together,1377,3,5,10,0
1517,55,high,30822.0,Single,51,1,0,3,0
2098,55,Low,33581.0,Married,17,1,0,2,0
9543,39,high,19986.0,Married,22,0,0,3,0
6878,70,high,27421.0,Widow,324,4,1,6,0
3310,51,Low,35688.0,Married,211,4,1,4,0
2724,43,high,36143.0,Single,19,0,1,2,0
948,53,high,10245.0,Single,41,1,2,2,0
6720,56,high,43795.0,Together,492,7,3,4,1
6202,64,high,63381.0,Together,1005,4,5,13,0
2066,75,high,38823.0,Together,114,2,1,3,0
9799,56,Low,83664.0,Divorced,1173,2,2,12,0
8318,45,high,90300.0,Together,1738,5,6,8,1
5642,45,high,62499.0,Together,222,3,1,6,0
2669,31,high,74293.0,Single,1127,5,4,6,0
455,78,Low,51012.0,Married,209,4,1,4,0
7683,56,high,70777.0,Married,787,5,3,12,0
3428,33,Low,68682.0,Together,1598,4,9,10,0
7414,53,high,43824.0,Married,186,3,1,4,0
6354,40,high,15345.0,Together,47,1,1,2,0
798,37,high,23442.0,Single,27,1,0,3,0
8213,44,Low,14515.0,Together,96,2,2,3,0
2488,68,Low,31395.0,Divorced,64,2,1,3,0
9999,59,high,75276.0,Together,1040,9,4,9,0
7617,50,high,42373.0,Single,163,2,1,5,0
615,64,high,30507.0,Together,343,5,1,4,0
2552,69,Low,55521.0,Single,446,6,3,6,1
194,59,high,48006.0,Married,41,1,0,3,0
3645,52,Low,27213.0,Single,70,2,0,4,0
8890,53,Low,65808.0,Divorced,272,5,1,5,0
5049,50,Low,30351.0,Together,46,3,0,2,0
9973,61,high,50437.0,Married,490,7,1,8,0
7301,42,Low,23616.0,Single,79,3,0,3,0
10882,48,high,53858.0,Married,915,4,3,6,0
7030,69,Low,66465.0,Married,1485,11,9,12,1
7422,37,high,46923.0,Single,369,5,1,7,0
3523,62,high,75072.0,Together,1073,5,4,8,0
7106,81,Low,75865.0,Married,1242,3,5,10,0
6504,49,Low,19789.0,Together,78,2,1,3,1
5067,30,high,80134.0,Together,1378,2,7,11,4
4216,43,high,91065.0,Single,1474,7,9,9,2
8581,53,high,49505.0,Married,751,10,2,8,0
5929,51,Low,37401.0,Married,48,2,0,3,0
3129,41,high,30096.0,Married,45,2,0,3,0
6528,42,high,18492.0,Together,10,1,0,2,0
1361,50,high,82584.0,Married,1435,3,4,8,2
6932,83,Low,93027.0,Married,2119,7,10,5,1
7284,71,high,48686.0,Married,20,1,0,2,0
1340,38,high,92910.0,Married,1795,6,7,13,3
8746,35,high,75433.0,Married,1188,2,5,10,2
5987,35,Low,10404.0,Together,43,1,0,4,0
3767,56,high,61314.0,Married,1008,5,5,12,0
3725,63,Low,84865.0,Single,1688,2,4,9,4
4324,35,high,42387.0,Married,684,8,1,7,0
238,57,Low,67309.0,Together,1082,9,6,9,0
6694,60,high,75236.0,Married,1068,8,3,13,0
498,54,high,30015.0,Single,57,1,0,4,0
9347,68,high,50943.0,Together,46,1,0,3,0
9699,58,high,67272.0,Divorced,733,6,2,12,0
10664,75,high,51529.0,Widow,467,9,1,5,0
5455,53,Low,32011.0,Married,122,2,1,4,0
456,38,Low,7500.0,Married,36,2,0,3,0
5012,35,high,28691.0,Married,34,1,0,3,0
7495,76,Low,56223.0,Married,156,2,1,5,0
5029,78,high,18100.0,Married,14,0,0,3,0
10642,35,high,30279.0,Single,37,1,0,3,0
2106,50,Low,20130.0,Married,34,1,0,3,0
10364,65,high,23295.0,Divorced,20,1,0,2,0
5954,52,high,42618.0,Divorced,192,5,0,4,0
1137,60,high,81246.0,Single,1379,4,5,7,2
2541,48,high,24027.0,Married,48,2,0,3,0
1142,71,Low,55707.0,Married,428,3,2,9,0
2276,69,high,57959.0,Single,868,4,7,11,0
2807,55,high,56796.0,Married,1001,8,9,7,0
6471,53,high,36230.0,Single,59,2,0,4,0
6131,44,Low,70829.0,Married,431,4,2,8,0
6233,48,high,65991.0,Married,971,9,5,10,0
4148,52,high,38988.0,Married,348,5,1,6,0
4947,58,Low,89572.0,Single,2059,7,7,9,2
3225,40,high,42207.0,Married,265,4,1,5,1
7540,72,high,50300.0,Married,270,2,1,8,0
10648,42,Low,66664.0,Together,1289,5,7,6,0
1992,60,high,60597.0,Married,893,2,2,8,1
7851,75,high,70165.0,Widow,926,3,7,11,0
8594,66,Low,50520.0,Widow,135,3,1,3,0
7059,61,high,80124.0,Married,1495,3,7,8,1
2815,49,high,33183.0,Married,120,4,0,3,0
2416,55,Low,66582.0,Single,1288,2,8,9,0
7999,69,Low,75261.0,Together,1743,5,6,5,2
9213,54,high,31880.0,Widow,15,1,0,2,0
9697,73,high,53790.0,Married,542,7,2,8,0
3916,53,Low,49269.0,Together,890,7,3,12,0
2021,49,high,61456.0,Married,1388,6,10,13,0
1581,44,high,37406.0,Married,17,1,0,2,0
564,43,Low,56937.0,Together,906,8,6,9,1
6619,46,high,38415.0,Married,44,1,0,3,0
9081,36,high,20518.0,Single,25,1,1,2,0
178,68,high,62503.0,Married,973,8,3,11,0
916,52,Low,41644.0,Single,31,1,0,3,0
5512,47,high,55842.0,Married,518,7,1,8,0
8970,52,Low,62010.0,Married,530,6,2,7,0
10581,47,high,41124.0,Married,506,7,3,4,0
5300,51,high,38961.0,Married,70,2,1,2,0
5154,52,high,37760.0,Divorced,54,2,0,3,0
8346,50,high,32233.0,Single,296,6,2,2,1
1676,49,high,43057.0,Married,266,4,2,5,0
9286,64,high,83151.0,Together,747,5,9,4,0
2426,60,Low,78825.0,Divorced,895,5,10,13,0
5172,48,high,65104.0,Together,1053,3,5,7,0
5562,50,high,60093.0,Married,735,7,2,10,0
3436,55,high,14045.0,Married,20,1,0,3,0
3921,72,Low,28457.0,Widow,205,4,1,4,0
3403,66,Low,78952.0,Together,2092,2,5,12,0
22,48,high,46310.0,Divorced,309,6,1,5,0
10965,69,high,76005.0,Together,1722,3,5,13,1
9426,60,high,58308.0,Single,900,2,6,3,0
6605,80,Low,55614.0,Divorced,682,9,4,6,1
3136,62,high,59432.0,Divorced,663,5,3,11,0
8737,46,high,55563.0,Divorced,43,2,0,3,0
11088,53,Low,78642.0,Together,1816,4,9,4,0
716,75,Low,67911.0,Together,976,6,7,11,0
466,80,high,65275.0,Married,746,4,3,13,0
9135,74,high,27203.0,Together,64,1,1,2,0
10623,63,high,48330.0,Together,32,1,0,3,0
8151,34,Middle,24279.0,Married,263,4,1,3,0
5140,39,Low,64355.0,Married,1445,4,3,12,0
10160,68,high,50943.0,Together,46,1,0,3,0
4945,71,high,53653.0,Widow,1210,10,4,12,0
10584,48,high,65665.0,Married,945,5,10,8,0
6071,35,high,81217.0,Single,1157,3,7,11,0
3386,32,high,34935.0,Married,137,2,1,4,0
8939,65,high,61250.0,Divorced,730,5,2,12,0
9925,43,Low,39665.0,Together,216,4,2,3,1
4320,45,high,60152.0,Single,943,6,4,12,0
5389,60,high,48920.0,Married,347,6,2,5,1
6036,65,high,89120.0,Together,1924,5,6,7,1
182,78,Low,44124.0,Together,397,6,2,5,0
203,49,high,81169.0,Single,2089,5,7,9,0
11025,63,high,36443.0,Married,138,3,1,3,0
10203,34,high,26095.0,Single,42,1,0,3,0
4607,65,high,71367.0,Together,777,4,5,7,0
3711,80,high,80184.0,Married,1902,6,3,10,2
3696,59,high,30630.0,Divorced,52,2,0,3,0
2532,37,high,73454.0,Single,1651,2,4,6,1
9214,33,high,42691.0,Married,358,5,1,6,0
4943,71,high,70503.0,Married,1727,2,4,9,2
35,37,high,25545.0,Married,210,2,2,3,0
2258,38,high,32880.0,Married,42,1,0,3,0
4322,66,Low,77863.0,Together,1291,4,5,10,0
713,47,high,50353.0,Married,442,4,4,6,0
4702,60,high,61839.0,Single,1895,4,8,4,0
3281,64,Low,49154.0,Married,411,4,1,8,0
702,49,Low,47682.0,Widow,521,4,3,8,0
2004,55,high,72679.0,Single,1168,4,7,5,0
4769,47,high,57954.0,Together,493,8,2,6,1
4437,62,high,65316.0,Married,260,3,2,5,0
8724,42,high,28567.0,Single,46,2,0,3,0
10741,73,high,47352.0,Together,319,6,1,5,0
1991,57,high,44931.0,Together,96,2,1,3,0
6931,57,high,76982.0,Divorced,1062,8,3,4,1
11096,72,Low,57247.0,Together,232,2,1,7,0
304,43,high,22944.0,Single,76,3,0,3,0
3665,47,Low,25315.0,Together,54,3,0,3,0
10591,55,high,43638.0,Widow,201,4,1,4,0
5036,40,Low,42710.0,Single,406,4,5,3,0
5547,42,Low,84169.0,Married,1919,7,6,6,2
7822,48,high,54058.0,Together,662,4,6,8,0
8541,34,Low,24683.0,Married,41,2,0,4,0
10955,60,high,85620.0,Widow,1600,3,6,4,0
4368,44,high,47850.0,Married,134,3,0,4,0
9671,56,high,19514.0,Married,69,3,1,2,1
2256,51,high,27159.0,Married,21,1,0,3,0
4279,61,Low,39548.0,Single,54,1,1,3,0
5371,35,high,21474.0,Single,91,3,1,2,1
9240,53,Low,60504.0,Single,526,6,2,8,0
9460,61,high,22419.0,Married,162,3,2,2,0
9504,75,high,81698.0,Married,1008,3,8,13,0
8692,72,high,43462.0,Together,240,4,1,5,0
448,46,Low,54880.0,Single,795,6,2,11,0
8314,42,high,79908.0,Married,1772,5,6,7,1
8420,54,Low,15315.0,Married,64,2,0,4,0
3174,65,high,87771.0,Together,1957,5,10,4,4
7685,46,high,33039.0,Married,78,2,0,4,0
3179,44,high,81741.0,Single,1572,6,6,7,0
9780,53,high,71499.0,Together,795,8,3,13,0
10681,54,Low,62466.0,Married,889,6,3,12,0
10232,61,Low,48799.0,Divorced,331,3,2,7,0
4184,74,Low,52157.0,Together,265,3,2,5,0
9120,62,high,66565.0,Single,1065,4,2,9,0
891,73,high,29298.0,Together,11,1,0,2,0
10381,45,high,47691.0,Single,21,1,0,2,0
3525,54,high,38200.0,Together,17,1,0,2,0
6818,50,high,44989.0,Married,369,5,1,5,0
3526,56,Low,38443.0,Married,38,1,0,3,0
8181,46,Low,38593.0,Single,177,4,1,3,0
1029,54,Low,64413.0,Together,279,5,1,5,0
7369,43,high,36959.0,Married,62,2,0,3,0
2574,47,Low,61996.0,Married,1230,6,4,8,3
8159,56,high,51287.0,Married,182,4,1,3,0
1160,54,high,13260.0,Married,49,3,0,3,0
10242,58,Low,47472.0,Together,75,2,0,4,0
5253,68,high,54603.0,Together,227,4,2,4,0
5966,50,Low,45207.0,Married,215,3,1,6,1
5314,73,high,40689.0,Together,444,7,1,5,0
5081,57,Low,47821.0,Together,47,1,0,3,0
5123,73,high,27450.0,Married,143,2,1,3,0
5756,41,high,39453.0,Together,55,2,0,3,0
8036,53,Low,26850.0,Together,63,2,1,4,0
9058,69,high,79800.0,Widow,1867,5,11,5,3
5057,63,high,61794.0,Married,611,4,4,10,0
254,69,high,53863.0,Together,473,7,1,7,1
4179,65,high,24221.0,Together,55,1,1,3,0
3710,40,Low,39684.0,Single,81,2,1,2,0
7627,49,high,92163.0,Married,2086,5,11,5,2
4501,59,high,69882.0,Single,1478,3,7,9,0
6424,47,high,33178.0,Together,49,1,0,3,0
3075,52,Low,59973.0,Married,382,3,4,7,0
4992,49,high,17459.0,Together,69,3,1,2,0
5252,55,high,23910.0,Divorced,67,2,0,3,0
7444,55,high,42169.0,Married,30,1,0,3,0
6919,46,Low,26224.0,Married,63,2,1,3,0
3537,43,high,31089.0,Together,79,3,0,4,0
10277,63,high,30081.0,Single,42,1,0,3,0
2453,64,high,62807.0,Together,819,5,3,12,0
7972,69,high,72906.0,Single,1151,3,4,9,0
895,76,Low,61467.0,Married,594,5,2,10,0
1177,58,high,49618.0,Together,129,3,1,3,0
7141,38,high,21888.0,Single,213,5,1,2,0
7232,51,high,42429.0,Widow,67,1,1,3,0
8477,68,high,26150.0,Divorced,28,1,0,3,0
2457,49,Middle,30801.0,Married,45,1,0,3,0
988,59,high,81168.0,Married,1193,6,4,7,1
7930,55,high,26877.0,Single,268,3,1,6,0
4587,80,high,45006.0,Widow,266,3,1,7,0
6682,51,Middle,18978.0,Married,37,1,0,3,0
6222,57,high,22574.0,Married,37,2,0,3,0
10299,55,Low,48240.0,Single,882,6,3,13,0
3083,50,high,45837.0,Married,373,6,2,5,0
8953,59,high,35791.0,Single,35,1,0,3,0
1503,48,Low,162397.0,Together,107,0,0,1,0
8650,46,high,54162.0,Widow,42,1,0,3,0
10862,64,high,30522.0,Married,326,1,2,9,0
2782,63,Low,54456.0,Married,404,6,1,7,0
6941,53,high,31632.0,Single,95,2,1,2,0
10972,75,high,72298.0,Widow,939,4,3,6,2
10708,46,Low,36975.0,Single,33,1,0,3,0
6583,69,Low,72635.0,Married,981,6,8,6,1
3641,48,high,13624.0,Married,36,2,0,3,0
10156,49,high,84196.0,Single,1237,8,4,7,0
4299,64,high,70971.0,Together,1825,11,11,5,0
3469,47,Low,34487.0,Divorced,103,3,0,3,0
5063,47,high,28769.0,Single,191,4,1,4,0
10727,54,Low,69084.0,Married,1586,7,3,13,0
9624,66,Low,65488.0,Together,963,3,4,6,0
5156,54,Low,62466.0,Married,889,6,3,12,0
4376,64,Low,32218.0,Single,93,2,1,3,1
8923,51,high,83917.0,Single,1587,6,7,7,0
8461,62,high,46102.0,Divorced,16,1,0,2,0
6945,72,high,84574.0,Single,1375,9,11,11,0
944,62,high,56181.0,Married,393,4,2,7,0
1907,74,high,63120.0,Divorced,1477,8,4,9,0
701,53,high,73691.0,Married,1179,6,2,8,1
3856,64,high,63381.0,Together,1005,4,5,13,0
4149,76,Low,76140.0,Together,1348,5,9,6,0
2131,65,Low,62859.0,Divorced,1307,9,4,6,0
2942,60,high,45906.0,Single,486,5,4,4,1
1173,77,high,77632.0,Together,2252,4,2,6,2
4381,53,Low,46463.0,Married,235,3,1,6,0
4611,54,high,105471.0,Together,1724,9,8,13,2
3376,54,high,55282.0,Divorced,235,3,1,6,0
4679,47,high,78710.0,Married,1092,7,6,12,0
10928,66,high,66886.0,Together,599,7,1,7,0
4248,64,high,98777.0,Single,2008,4,6,9,1
6728,39,high,29103.0,Together,48,1,0,3,0
6661,50,high,67445.0,Married,1174,9,6,12,0
4725,74,Low,50616.0,Together,67,1,1,4,0
3277,69,high,49431.0,Divorced,365,7,1,5,0
5555,49,high,153924.0,Divorced,6,0,0,0,0
2564,71,high,61278.0,Together,165,3,1,4,0
946,66,Low,26490.0,Together,210,3,1,5,0
3867,77,Low,73059.0,Together,1095,9,3,13,0
6940,58,Low,46734.0,Single,223,3,2,3,1
55,61,high,56253.0,Together,597,7,2,9,0
7093,39,high,19986.0,Married,22,0,0,3,0
5084,49,high,58330.0,Widow,1064,6,4,13,0
1777,44,Middle,25965.0,Married,74,2,0,3,0
8162,68,high,14661.0,Together,26,1,0,3,0
10826,65,high,18690.0,Married,60,1,1,2,0
8754,50,Low,45068.0,Together,20,1,0,2,0
1987,37,Middle,21063.0,Single,59,2,0,3,0
11007,56,Low,29187.0,Married,34,1,0,3,0
7426,53,Low,54690.0,Married,198,3,1,5,0
9153,60,Low,59304.0,Married,1048,7,8,10,0
10379,62,high,59247.0,Single,574,5,2,9,0
9204,54,high,66731.0,Widow,1029,4,3,6,0
3197,44,high,77353.0,Married,670,6,4,8,0
2920,49,Low,52614.0,Single,990,2,4,8,0
6961,50,high,26751.0,Married,11,1,0,2,0
4673,61,Low,81300.0,Married,1241,10,3,5,1
9937,45,high,70337.0,Single,576,2,2,12,0
8779,39,Low,36145.0,Married,172,4,1,3,1
9596,44,Low,65295.0,Single,664,3,3,13,0
2891,61,high,68118.0,Divorced,928,8,9,4,0
4910,57,high,68743.0,Divorced,2074,11,5,13,0
75,42,Low,41039.0,Together,467,8,1,5,0
10120,69,high,38946.0,Together,257,3,1,6,0
6327,57,high,65777.0,Together,1146,2,8,6,0
10142,48,Low,66476.0,Divorced,689,5,2,11,0
9826,52,Low,86857.0,Single,2114,5,6,10,0
1501,42,Low,160803.0,Married,1717,0,28,1,0
10767,35,Low,77845.0,Together,1346,3,5,12,2
7279,55,Low,69476.0,Together,1044,4,6,4,0
7230,64,Low,50611.0,Divorced,493,4,5,7,1
143,54,high,61209.0,Single,957,5,3,4,0
450,66,high,42315.0,Together,270,1,4,4,0
9316,72,Middle,13084.0,Together,29,1,0,3,0
6379,75,high,47570.0,Widow,121,2,2,2,0
9239,63,high,61923.0,Married,126,2,1,4,0
8315,29,high,34824.0,Single,23,1,0,2,0
2868,75,Low,26518.0,Single,57,2,0,3,0
10888,63,high,45938.0,Single,636,8,4,6,0
1277,64,high,78468.0,Together,1004,10,7,10,1
9977,51,high,78901.0,Divorced,734,9,3,5,0
10196,46,high,71427.0,Married,614,8,2,8,0
6384,46,high,71022.0,Divorced,1453,5,2,11,1
8029,36,high,90247.0,Single,1621,3,4,7,3
968,56,high,41335.0,Divorced,187,4,1,4,0
6988,38,high,71952.0,Married,1443,8,4,8,2
4472,54,Low,35682.0,Divorced,57,1,1,3,0
6991,73,high,43185.0,Divorced,637,9,3,6,0
3336,76,Low,66375.0,Together,948,2,4,5,1
4301,53,high,35178.0,Married,59,1,1,2,1
1940,38,high,25252.0,Married,18,1,0,2,0
1272,59,high,55250.0,Single,903,7,5,10,0
1388,49,high,33249.0,Single,112,2,1,3,0
1044,71,high,58398.0,Together,596,5,4,8,0
6969,42,high,50272.0,Together,233,4,1,5,0
10479,49,Low,76618.0,Married,1511,3,2,5,0
3619,64,Low,87305.0,Divorced,1152,5,3,8,1
1715,46,high,25851.0,Together,48,2,0,3,0
10159,54,high,58710.0,Divorced,1185,11,5,9,0
1463,66,high,45160.0,Single,21,1,0,2,0
5114,59,high,74806.0,Married,965,5,4,5,0
4990,70,high,59111.0,Married,869,11,1,8,0
4329,40,Low,18988.0,Married,16,1,0,3,0
10936,59,high,72190.0,Married,1947,5,6,4,0
4692,48,high,7500.0,Married,71,4,1,2,1
7212,58,high,44794.0,Married,65,2,0,3,0
6086,69,high,80395.0,Married,1380,6,5,12,1
437,48,high,75012.0,Divorced,1027,3,8,11,0
11171,59,high,56962.0,Married,411,6,3,5,0
11101,33,high,89891.0,Together,836,11,6,8,1
5329,75,Low,35946.0,Divorced,11,0,0,3,0
610,71,Low,53593.0,Together,480,7,2,6,0
9384,46,high,66373.0,Married,606,4,2,10,0
5956,76,Low,45072.0,Divorced,284,6,1,4,0
10430,51,high,89694.0,Divorced,1472,4,3,4,3
7875,75,high,72025.0,Married,1677,4,8,13,3
7072,51,high,67432.0,Married,1335,8,5,4,0
6255,72,high,70545.0,Together,334,4,1,7,0
6516,35,Middle,17487.0,Married,18,1,0,2,0
5564,55,high,62882.0,Together,1338,7,5,6,0
5682,71,Low,64108.0,Single,1099,6,9,11,0
7458,68,high,34941.0,Together,97,3,0,3,0
5237,74,Low,48767.0,Single,63,2,1,3,0
7761,46,Low,38702.0,Together,109,3,0,4,0
5278,60,high,82224.0,Married,902,6,9,5,1
3560,72,high,83844.0,Together,1574,4,4,11,1
7235,49,Low,17003.0,Married,38,2,0,4,0
10548,29,high,71163.0,Single,960,3,8,12,0
2281,54,high,33697.0,Single,28,1,0,2,1
4073,70,Low,63564.0,Married,1215,10,10,7,1
6974,52,Low,83443.0,Together,1497,6,10,5,0
7938,66,Low,51518.0,Together,449,3,2,10,0
7094,49,high,58330.0,Widow,1064,6,4,13,0
3667,55,high,80952.0,Married,1757,8,5,11,3
7723,45,high,75507.0,Together,1440,8,6,6,0
3870,46,Low,63855.0,Together,1006,7,3,13,0
4012,52,Low,62220.0,Together,1226,7,6,5,0
5909,60,high,58512.0,Married,1171,3,4,8,0
10470,45,high,40662.0,Married,92,2,1,3,0
6488,65,Low,38829.0,Married,99,3,2,2,0
10270,43,Low,35523.0,Married,66,3,0,3,0
6887,57,high,79146.0,Single,564,8,1,8,0
6406,36,high,78285.0,Married,1427,6,4,10,0
7573,46,Low,31626.0,Single,86,2,1,2,1
4508,72,high,75127.0,Single,833,2,11,5,0
221,69,high,48726.0,Married,242,3,2,4,0
5331,47,high,74985.0,Married,1869,3,6,7,0
1911,37,high,67430.0,Together,1364,11,5,12,0
20,59,Low,46891.0,Married,183,2,1,4,0
8786,68,high,62058.0,Married,450,6,1,7,0
10582,45,high,72063.0,Married,758,5,2,12,0
1915,73,Low,78939.0,Married,1507,8,5,6,0
8897,59,high,42720.0,Single,654,7,3,7,0
2371,52,high,33622.0,Married,81,2,0,4,0
4303,67,Low,6835.0,Together,137,0,0,1,0
6825,71,high,41452.0,Together,16,1,0,2,0
1072,59,Low,40760.0,Single,93,2,1,3,0
4964,66,Low,74250.0,Together,1158,2,11,4,0
2461,69,high,51124.0,Single,43,1,0,3,0
10736,53,high,72258.0,Single,1525,6,9,5,0
3194,50,Low,71466.0,Single,1230,4,4,10,0
10839,48,high,36283.0,Together,29,1,0,3,0
49,54,high,20587.0,Single,25,1,1,2,0
4290,52,high,30467.0,Married,24,1,0,2,0
10219,52,high,31590.0,Together,38,1,0,3,0
4211,38,Middle,20425.0,Married,57,2,0,3,0
1135,64,high,17144.0,Together,47,3,0,4,0
6299,56,Low,42564.0,Divorced,813,6,8,4,1
10846,46,high,43783.0,Married,629,7,1,8,1
347,48,high,40780.0,Divorced,377,7,1,5,0
6543,79,high,62847.0,Together,1612,3,6,4,0
10446,67,Low,82017.0,Married,729,5,4,7,3
3479,74,high,16813.0,Single,50,2,0,3,1
11075,46,high,51267.0,Married,270,3,3,5,0
4442,63,high,46524.0,Single,177,1,1,5,0
199,62,high,45183.0,Single,315,4,1,7,1
6722,70,Low,70421.0,Married,767,10,3,7,0
796,59,Low,60161.0,Divorced,1071,11,4,8,0
3749,51,high,73926.0,Together,1580,6,5,12,0
8523,56,high,19329.0,Married,60,4,0,3,0
310,54,high,61872.0,Married,573,4,4,9,0
8629,68,high,46984.0,Widow,41,1,0,3,0
236,73,high,34838.0,Married,170,2,1,4,0
9930,80,Low,82716.0,Single,1167,6,8,13,0
3483,66,high,48192.0,Married,1526,2,8,12,3
4599,48,high,49681.0,Married,458,7,1,7,0
7326,53,high,56850.0,Married,63,1,1,3,0
7352,67,high,55267.0,Married,405,3,4,6,0
2350,52,high,59666.0,Married,1027,3,2,8,1
9145,52,high,72504.0,Single,1478,5,9,6,0
2964,43,high,26872.0,Married,72,1,1,2,0
5585,52,high,21359.0,Single,48,2,0,3,0
9687,49,high,73170.0,Single,726,5,4,6,0
3732,69,high,52750.0,Married,860,5,7,9,0
6303,38,Low,91820.0,Together,1497,5,5,12,0
11176,54,Low,65968.0,Together,495,5,4,7,0
2986,48,high,30772.0,Married,20,1,0,2,0
7462,70,high,22507.0,Single,570,10,2,4,0
3900,52,high,65685.0,Married,769,9,2,9,0
7034,46,Low,25804.0,Married,55,2,0,3,0
9493,44,Low,76412.0,Single,1808,5,4,8,2
1143,52,high,22063.0,Married,55,2,0,3,0
1,63,high,57091.0,Single,577,7,3,7,1
3855,61,high,22419.0,Married,162,3,2,2,0
5536,65,high,87771.0,Together,1957,5,10,4,4
5989,65,Low,78353.0,Divorced,1576,10,2,11,0
9499,70,high,93404.0,Married,1616,3,4,7,2
6768,62,high,37859.0,Divorced,36,1,0,3,0
2150,66,Low,80995.0,Widow,1482,8,9,4,0
6646,40,high,16529.0,Together,22,1,0,3,0
4887,48,Low,55412.0,Divorced,63,2,0,3,0
8560,32,high,48789.0,Single,680,6,4,7,0
3321,57,Low,56575.0,Together,542,7,3,7,0
11003,44,Low,25130.0,Together,50,2,0,3,0
10402,57,high,35441.0,Married,39,1,0,3,0
9904,68,high,71391.0,Married,1043,6,5,12,0
6141,52,high,49494.0,Single,385,6,1,5,0
5687,44,high,81702.0,Divorced,1633,7,7,12,0
10856,44,Low,45889.0,Single,46,1,0,3,0
5121,47,high,56628.0,Single,761,7,6,5,1
4186,74,high,34026.0,Together,76,2,1,3,0
368,50,high,40049.0,Married,290,3,2,6,0
3312,36,high,34176.0,Single,89,3,0,4,0
11121,43,high,19419.0,Married,70,4,0,3,0
5332,64,Low,82504.0,Married,1066,3,6,7,0
5848,54,high,81205.0,Together,2009,5,6,7,3
10343,33,Low,61618.0,Single,1345,3,6,8,0
5935,68,high,55284.0,Single,764,7,5,8,0
2895,61,high,49980.0,Single,195,3,1,5,0
10262,44,high,15072.0,Married,53,3,1,3,0
7848,50,high,49166.0,Single,368,5,3,3,0
9477,70,Low,65324.0,Married,544,6,2,9,0
4856,67,Low,82347.0,Married,1853,7,7,10,2
7186,58,Low,30843.0,Together,35,1,1,2,1
5794,50,Low,46374.0,Married,446,7,1,7,2
1456,45,high,60474.0,Single,1180,10,2,12,0
4877,51,high,38576.0,Married,41,1,0,3,0
425,39,high,55357.0,Married,727,6,2,11,0
3007,58,high,37758.0,Together,40,1,0,3,0
1031,35,Low,85710.0,Married,1062,6,9,10,1
4297,55,high,23228.0,Together,40,2,0,3,0
807,55,high,44602.0,Together,292,6,1,4,0
9553,37,high,7500.0,Married,15,0,0,3,0
4271,35,Low,38683.0,Together,341,4,1,6,0
4120,49,Low,49514.0,Single,369,6,1,4,0
2036,51,Low,57906.0,Together,401,4,2,8,0
115,58,high,43456.0,Single,393,5,1,8,0
4259,38,high,19485.0,Single,10,1,0,2,0
8687,46,high,53172.0,Together,486,2,3,8,0
2447,45,high,30545.0,Together,69,2,0,3,0
10140,41,Low,70123.0,Together,1727,5,7,4,2
9353,65,high,62450.0,Single,995,5,5,4,1
3623,48,high,21675.0,Together,45,4,0,3,0
738,43,Low,42395.0,Single,182,3,1,4,0
7631,46,high,61346.0,Together,989,5,7,10,0
4789,71,high,80812.0,Together,1677,4,8,5,3
773,53,high,42835.0,Divorced,595,6,6,4,0
10602,41,high,39922.0,Married,156,3,0,4,0
1446,68,high,86424.0,Single,1226,6,9,12,0
3270,46,Low,17117.0,Together,128,3,1,3,0
8443,52,high,24762.0,Single,86,3,1,2,1
9653,49,high,35797.0,Married,68,2,0,3,0
8916,49,high,36627.0,Divorced,16,0,0,3,0
8017,43,Low,51111.0,Married,55,2,0,3,0
5830,52,Low,86857.0,Single,2114,5,6,10,0
4597,54,Low,82072.0,Together,2018,3,2,13,0
7023,71,Low,46231.0,Single,263,6,1,4,0
8086,65,high,42243.0,Married,55,2,0,3,0
8825,62,high,51195.0,Together,564,9,2,5,0
2930,46,high,68092.0,Single,1281,2,6,10,0
1928,51,high,31814.0,Married,83,2,0,3,1
7108,59,high,51390.0,Widow,353,5,2,5,0
10925,41,high,76630.0,Married,1003,3,10,11,0
9960,33,Middle,26868.0,Single,14,1,0,2,0
8800,81,Low,48948.0,Divorced,902,7,10,5,1
9224,52,Low,55260.0,Single,1139,8,10,5,0
5519,68,high,64090.0,Together,797,6,9,4,0
5046,66,high,78331.0,Divorced,1638,10,6,7,0
7037,50,Low,37087.0,Married,401,4,2,8,0
905,38,high,21846.0,Divorced,84,4,0,3,0
8624,66,high,81320.0,Married,928,4,3,10,0
8945,54,high,54137.0,Divorced,203,4,1,4,0
6445,57,high,66825.0,Together,858,4,5,6,0
2727,51,high,57100.0,Together,409,3,3,6,0
6404,55,high,58917.0,Together,282,4,1,6,0
11074,47,high,85072.0,Single,1423,3,4,10,0
10150,63,high,86429.0,Single,1449,7,4,7,1
1968,53,high,45684.0,Widow,28,1,0,2,0
6534,50,high,47889.0,Together,67,2,0,3,0
9485,38,Low,45921.0,Married,199,2,1,6,0
7053,58,Low,78420.0,Single,1453,3,10,8,0
4654,32,high,75114.0,Together,1253,3,10,5,0
9760,61,Low,52278.0,Widow,1198,10,5,10,0
1048,52,high,35641.0,Married,178,3,1,4,0
10619,30,high,95529.0,Single,1990,7,3,7,1
9308,70,high,62820.0,Married,976,3,4,6,0
10505,64,high,73113.0,Together,1001,3,4,7,0
8362,42,Low,84169.0,Married,1919,7,6,6,2
2625,70,Low,42607.0,Single,350,3,2,7,0
4637,70,Low,74637.0,Single,1650,6,9,9,1
9972,69,Low,46015.0,Together,46,1,0,3,2
4483,31,high,72354.0,Single,1228,2,10,6,0
4487,55,high,39858.0,Single,95,2,0,4,0
4988,76,Low,34469.0,Married,62,1,1,4,0
8931,38,high,83033.0,Together,1761,11,4,10,1
5871,45,high,24401.0,Together,467,6,1,6,0
2008,46,high,77583.0,Married,1149,4,5,9,1
3139,42,Low,74116.0,Single,2052,4,4,10,1
10037,31,high,74293.0,Single,1127,5,4,6,0
10673,48,Low,68397.0,Married,1416,6,9,5,0
5303,50,Low,79632.0,Together,1113,6,4,9,0
538,35,high,46107.0,Single,125,1,1,4,0
7922,73,Low,64950.0,Single,966,11,2,10,1
5692,35,Middle,25443.0,Married,32,1,0,3,0
4843,72,high,75127.0,Single,833,2,11,5,0
6383,53,Low,32892.0,Together,46,3,0,3,0
1628,53,high,71796.0,Together,960,9,3,4,0
1204,54,Low,67536.0,Married,1829,11,5,11,1
3673,53,high,55239.0,Single,779,7,5,11,0
760,49,Low,60554.0,Divorced,811,8,4,9,0
8957,72,Low,64831.0,Single,1120,6,3,5,0
4128,62,Low,56067.0,Together,725,7,4,7,0
6810,41,high,82025.0,Divorced,1187,3,2,6,1
5386,71,high,94384.0,Together,2302,5,8,5,3
8700,38,Middle,14906.0,Single,66,2,1,3,0
3202,37,Low,51563.0,Married,1250,4,4,10,2
1328,42,Low,57937.0,Married,683,4,4,9,0
8405,45,high,68274.0,Divorced,305,4,2,5,0
6515,47,high,39771.0,Together,50,2,0,3,0
2882,49,Low,67893.0,Divorced,995,3,2,9,0
7574,45,Low,27922.0,Together,41,2,0,3,0
6387,48,Low,52190.0,Together,77,2,1,3,1
5320,51,high,44051.0,Divorced,171,3,1,4,0
5048,53,Low,42767.0,Single,131,3,1,2,0
8146,48,high,46106.0,Together,54,1,1,2,0
10031,48,Low,16927.0,Married,53,3,0,4,0
5748,59,high,59754.0,Married,475,5,2,6,0
2134,72,high,53700.0,Single,694,5,5,8,0
1523,51,high,59041.0,Married,96,2,0,4,0
9665,67,Low,54237.0,Divorced,361,5,2,5,0
4640,57,high,70647.0,Divorced,1079,4,7,13,0
3635,62,Low,52597.0,Single,578,6,3,8,0
3547,55,high,41021.0,Together,64,2,0,3,0
2456,49,Low,40233.0,Married,149,2,1,5,0
5633,44,high,50183.0,Married,231,3,1,6,0
7801,65,high,54753.0,Together,728,5,2,11,0
10489,51,high,92955.0,Married,1778,6,7,9,2
7011,51,high,33471.0,Married,93,3,0,4,0
2620,50,Low,34596.0,Married,23,1,0,2,0
3933,44,high,44010.0,Together,662,10,2,6,0
10981,36,high,84219.0,Married,1198,3,4,10,0
1734,56,Low,40706.0,Together,81,3,0,4,0
10995,36,Low,15716.0,Married,92,3,0,4,0
6357,65,Low,59052.0,Divorced,491,7,1,7,0
9209,53,high,80573.0,Together,1564,4,6,13,0
10286,62,high,83715.0,Married,926,2,8,13,0
2611,65,high,82576.0,Together,1910,2,4,12,1
1600,59,high,56962.0,Married,411,6,3,5,0
3308,72,high,35704.0,Married,94,2,0,4,0
5407,70,high,53103.0,Together,1085,10,6,7,1
2166,64,Low,46779.0,Widow,23,0,1,2,0
3955,59,high,4861.0,Divorced,6,0,0,0,0
6634,45,high,33462.0,Divorced,54,2,0,3,0
3056,46,high,63693.0,Divorced,1150,11,6,9,0
5718,74,high,80763.0,Married,1415,5,11,6,2
6872,50,Low,65352.0,Married,405,4,2,8,0
8164,46,Low,82170.0,Married,1908,5,6,7,0
4580,55,high,75759.0,Married,2486,9,7,9,3
9305,48,Low,79689.0,Single,1315,4,9,13,0
453,68,Low,35340.0,Widow,45,2,0,3,0
8545,70,high,85683.0,Divorced,1789,2,4,10,4
9850,52,Low,24884.0,Married,19,0,0,3,0
7378,43,high,42021.0,Together,573,10,1,6,1
7646,35,high,64449.0,Single,805,5,3,12,0
1640,70,high,64587.0,Divorced,108,1,1,4,0
5184,29,high,34824.0,Single,23,1,0,2,0
8492,46,high,75437.0,Together,1493,8,4,10,1
11188,67,high,26091.0,Together,89,2,1,3,0
1212,51,high,52845.0,Married,936,8,8,6,1
9097,68,high,46086.0,Divorced,343,3,1,8,0
10473,68,Low,78028.0,Widow,528,6,4,9,2
7962,37,Low,95169.0,Single,1901,4,3,4,2
9984,43,Low,56337.0,Married,724,8,5,4,2
5527,37,high,22434.0,Together,58,2,0,3,0
6374,70,Low,36930.0,Married,297,5,2,4,0
7453,70,high,36130.0,Single,488,3,8,4,1
8952,71,high,65569.0,Married,859,6,5,10,0
241,72,high,83844.0,Together,1574,4,4,11,1
8975,56,high,19514.0,Married,69,3,1,2,1
6119,61,Low,36736.0,Single,17,1,0,2,0
5236,45,high,77568.0,Together,2194,10,2,8,3
5723,48,Low,49187.0,Together,116,1,1,5,0
1710,46,high,30168.0,Single,279,6,1,4,0
1970,56,high,34053.0,Together,103,3,0,3,0
5313,53,high,38196.0,Married,44,2,0,4,0
10634,73,high,59412.0,Married,406,4,2,8,0
7010,59,Low,70924.0,Married,1363,6,6,7,1
8562,55,high,54165.0,Together,236,2,1,7,0
3158,51,high,32300.0,Married,39,1,0,3,0
4436,48,high,20180.0,Single,137,2,1,4,0
5287,51,high,34961.0,Married,79,3,1,3,0
2445,50,Low,28440.0,Together,63,2,0,3,0
6059,71,Low,64504.0,Together,1314,11,3,4,0
4550,58,high,33564.0,Together,71,1,1,3,0
4240,46,high,17345.0,Married,58,2,1,2,0
8911,57,Low,56320.0,Married,702,5,4,9,0
3706,46,high,28647.0,Single,94,2,2,2,1
3628,37,Middle,15038.0,Single,80,2,1,2,0
10175,66,Low,32173.0,Divorced,22,1,0,3,0
8985,60,Low,68316.0,Together,1211,10,7,10,0
5204,53,high,74538.0,Together,1461,8,8,5,1
9220,53,high,91700.0,Single,1968,8,6,5,0
9888,55,high,68695.0,Together,1091,4,4,7,0
5263,47,Low,31056.0,Married,55,1,0,3,0
1020,51,high,79593.0,Married,1366,5,6,7,1
9503,44,high,28071.0,Single,313,5,1,5,0
10613,66,Low,37334.0,Together,62,3,0,4,0
67,52,high,46423.0,Single,92,2,0,4,0
6019,53,Low,37126.0,Married,72,1,2,2,1
5863,71,high,47703.0,Married,655,6,3,8,0
3717,65,high,61180.0,Married,704,5,5,6,1
6730,70,high,38998.0,Married,54,2,0,3,0
10749,33,high,8028.0,Single,178,0,1,0,0
4998,62,high,76081.0,Together,1033,4,5,4,1
6287,38,high,34728.0,Together,36,1,1,2,0
5985,59,high,33168.0,Single,122,2,1,4,0
4754,58,high,33585.0,Married,122,2,0,4,0
4002,64,Low,77037.0,Married,1123,7,7,12,0
8870,40,high,35196.0,Together,497,6,1,5,0
966,58,high,44529.0,Married,691,6,2,11,1
4767,59,Low,70924.0,Married,1363,6,6,7,1
9725,58,Low,28764.0,Together,12,1,0,2,1
4475,75,Low,69098.0,Married,2440,7,8,9,0
5740,54,Low,25959.0,Divorced,56,1,2,2,0
5731,41,high,27100.0,Married,37,1,0,3,0
7290,39,high,70596.0,Single,968,3,5,12,0
3846,50,high,42557.0,Married,270,6,1,4,0
8104,73,Low,53312.0,Married,278,5,1,5,0
4507,72,high,72228.0,Single,1250,6,7,8,0
11013,37,high,67605.0,Together,938,2,8,6,0
4491,75,high,62845.0,Married,1178,3,4,10,1
3759,66,high,65196.0,Together,1155,7,6,11,1
1162,37,Low,42000.0,Single,653,5,2,11,0
2055,51,Low,35860.0,Divorced,49,1,1,2,1
10766,60,Low,65526.0,Married,506,4,4,8,0
4415,63,high,16860.0,Married,38,1,1,3,0
3005,32,high,83528.0,Single,1650,4,10,8,2
2223,59,Low,64176.0,Divorced,1826,8,9,8,0
4817,68,high,22304.0,Divorced,18,1,0,2,0
2875,46,high,67023.0,Married,906,3,7,13,0
10536,53,Low,32892.0,Together,46,3,0,3,0
11112,58,high,70713.0,Together,1477,5,6,8,0
3807,69,high,59925.0,Together,766,9,2,9,0
9197,71,high,39722.0,Married,47,2,0,3,0
10832,66,high,46610.0,Together,467,6,1,6,0
6421,63,high,88347.0,Together,2116,4,7,9,1
4207,43,Low,87171.0,Married,1298,6,7,11,2
577,48,Low,26907.0,Together,22,1,0,3,0
10855,56,high,50014.0,Single,396,4,1,8,0
3081,46,Low,41014.0,Married,20,1,0,2,0
3535,59,high,66294.0,Single,967,4,3,5,0
247,53,high,36715.0,Married,357,7,2,4,0
8707,68,high,79456.0,Married,1401,5,6,4,0
9523,42,high,40479.0,Together,15,0,0,3,0
6072,54,high,75345.0,Single,2087,5,8,6,1
6295,47,high,54233.0,Married,981,11,6,5,0
10914,54,high,24163.0,Single,17,1,0,3,0
1509,66,Low,84460.0,Together,523,9,9,4,4
5577,41,high,43776.0,Together,23,1,0,2,0
7348,66,Low,71691.0,Single,1192,4,7,5,0
1127,51,Low,85844.0,Married,1958,6,6,7,1
1833,50,Low,39190.0,Single,133,2,1,4,0
4944,65,high,71367.0,Together,777,4,5,7,0
9080,52,Low,38578.0,Single,73,3,0,3,0
6466,59,Low,57236.0,Married,121,2,1,4,0
9964,45,high,61825.0,Single,424,4,2,8,0
4790,66,high,79803.0,Divorced,868,4,3,5,0
10245,38,Low,80910.0,Single,756,3,3,8,0
1109,42,high,27590.0,Together,12,1,0,2,0
6001,45,high,56775.0,Married,937,5,8,10,0
5538,49,high,83829.0,Divorced,1862,4,7,6,3
10552,45,Low,54210.0,Married,367,4,1,7,0
1545,38,high,38508.0,Married,443,7,2,5,0
7409,54,high,53187.0,Together,267,4,1,6,0
4444,52,high,30023.0,Married,61,2,0,3,0
146,64,Low,76045.0,Single,1323,4,5,11,1
6271,72,Low,50870.0,Married,63,2,0,3,0
10065,54,Low,15315.0,Married,64,2,0,4,0
4741,50,Low,65463.0,Married,562,6,2,9,1
246,59,high,66480.0,Married,312,4,1,7,0
375,70,high,76773.0,Divorced,1156,2,2,11,0
1524,41,Low,81698.0,Single,1104,8,2,5,1
10022,51,Low,54466.0,Single,16,1,0,2,0
7451,64,high,98777.0,Single,2008,4,6,9,1
11010,40,Low,16269.0,Single,44,3,0,3,0
4356,53,high,71819.0,Together,1574,3,3,5,2
3885,41,Low,33569.0,Married,63,1,1,2,1
1175,41,high,36262.0,Married,426,3,5,3,1
880,58,Middle,22634.0,Together,96,2,1,2,0
2320,46,Low,47025.0,Married,635,11,1,6,0
850,56,high,70566.0,Single,757,6,5,9,0
4713,45,Low,31605.0,Married,125,2,1,4,0
675,51,high,52034.0,Divorced,332,4,2,5,0
5025,45,high,48526.0,Single,135,2,1,4,0
2308,70,high,46734.0,Married,330,6,1,5,0
5995,62,high,39552.0,Divorced,384,6,2,5,0
6749,58,high,86358.0,Single,1722,5,3,6,0
1010,47,high,46931.0,Together,78,1,1,3,0
8977,39,Middle,16581.0,Single,24,0,0,3,0
4756,72,Low,63998.0,Divorced,1168,7,6,11,0
3412,73,high,67381.0,Married,957,2,2,9,1
606,57,high,25930.0,Single,15,1,0,2,0
5961,46,high,42693.0,Married,57,1,0,3,0
2975,48,high,85606.0,Together,1956,6,7,9,1
2894,39,high,72903.0,Single,2013,7,5,8,3
7613,50,Low,49669.0,Together,326,5,1,6,0
10542,56,Low,36778.0,Married,77,3,0,3,0
8015,62,Low,85696.0,Divorced,1313,4,6,9,0
10617,35,high,10979.0,Divorced,30,3,0,3,0
11166,63,high,49678.0,Married,315,6,2,4,0
849,71,high,56129.0,Together,660,6,2,10,0
523,35,high,37155.0,Married,74,2,0,4,0
4066,46,Low,21282.0,Divorced,46,2,1,2,0
8414,62,Low,33419.0,Single,86,2,0,4,0
819,79,high,63285.0,Widow,1103,6,5,13,0
4961,50,high,21255.0,Together,61,2,1,4,0
749,43,high,42162.0,Together,145,3,1,3,1
5430,68,high,54450.0,Together,684,9,2,8,0
7755,70,Low,57744.0,Married,411,9,1,4,0
10525,38,high,26576.0,Single,27,1,0,2,1
1453,81,Low,57513.0,Widow,1060,9,3,13,0
8310,60,high,68142.0,Together,1459,10,4,7,0
10710,45,high,7500.0,Married,18,1,0,2,0
5031,50,high,83145.0,Together,1833,5,9,11,1
2613,64,high,54197.0,Married,237,1,3,6,0
213,61,Low,23091.0,Single,48,2,1,3,0
967,48,high,46049.0,Married,515,5,2,9,0
1077,50,high,56715.0,Together,1020,7,3,4,0
7959,63,high,79410.0,Married,1370,3,2,5,0
640,73,high,57304.0,Married,1026,7,6,10,0
4252,59,high,44375.0,Married,301,4,1,6,0
8432,68,high,54450.0,Together,684,9,2,8,0
6218,59,high,59594.0,Married,499,8,1,7,1
6905,30,high,80685.0,Together,1004,6,4,10,0
5922,50,Low,40344.0,Married,218,4,1,5,0
3598,52,high,62710.0,Married,606,4,2,12,0
6116,56,Low,48985.0,Married,75,1,1,3,0
6263,56,high,35322.0,Together,106,2,0,4,0
10486,76,high,77142.0,Married,990,4,4,8,0
2410,55,high,81657.0,Single,1097,3,4,8,0
193,28,Middle,14421.0,Married,16,1,0,2,1
3363,50,Low,20130.0,Married,34,1,0,3,0
8278,34,Low,74214.0,Married,1711,8,2,5,0
10660,67,high,66726.0,Married,438,8,2,4,1
8686,45,Middle,23724.0,Together,75,2,0,3,0
1604,64,high,47353.0,Married,225,2,2,6,0
5907,72,high,33444.0,Married,18,1,0,2,0
10669,43,high,54386.0,Married,470,3,2,10,0
2918,43,high,28510.0,Divorced,91,2,0,4,0
5735,33,high,90638.0,Single,2525,3,4,10,1
359,74,high,48070.0,Together,504,8,2,6,0
8387,67,high,43140.0,Married,235,4,1,5,0
1829,63,Low,54959.0,Divorced,1232,9,5,4,1
3839,66,Middle,15056.0,Single,88,2,2,3,0
9392,53,high,26954.0,Single,17,1,0,2,0
2292,39,high,22327.0,Single,24,1,0,3,0
10466,59,high,44393.0,Married,60,1,0,4,0
9855,72,Low,62000.0,Single,1020,6,6,13,1
4088,62,Low,31497.0,Together,155,3,1,4,0
5231,50,Low,45894.0,Married,51,1,0,3,0
590,54,high,78579.0,Divorced,1812,5,6,4,0
8732,55,high,67369.0,Widow,1461,7,4,10,2
2315,64,high,58401.0,Divorced,96,1,2,2,0
3515,72,high,62307.0,Single,160,4,0,4,0
2245,55,high,43641.0,Married,139,2,1,4,0
6283,56,high,63841.0,Divorced,908,9,3,9,0
2246,59,Low,46891.0,Married,183,2,1,4,0
6606,55,high,70091.0,Married,1161,5,2,10,1
5545,52,Low,78075.0,Married,988,3,5,5,0
7342,63,Low,59184.0,Widow,1072,6,6,12,0
837,47,high,54809.0,Married,174,2,1,5,0
9500,65,high,58113.0,Married,758,9,2,8,0
3602,66,high,51412.0,Married,195,3,2,4,0
234,45,high,15287.0,Divorced,31,1,1,2,1
2995,67,high,66636.0,Together,1084,3,4,9,0
1118,68,high,50965.0,Married,685,10,4,5,1
7789,59,Low,84618.0,Married,1672,6,9,10,1
3068,34,high,18351.0,Married,43,2,0,3,0
8955,67,Low,40451.0,Together,49,1,1,2,1
945,59,high,36317.0,Together,133,3,0,4,0
5644,67,high,42213.0,Together,363,5,1,7,1
7192,69,high,65748.0,Together,545,2,4,10,0
2324,52,high,77044.0,Together,1065,7,11,11,1
697,55,high,74918.0,Together,2047,5,9,6,1
3439,52,high,56721.0,Married,296,4,1,5,0
1506,49,high,42160.0,Single,140,2,1,4,0
232,59,high,61559.0,Single,530,4,2,10,0
8876,61,Low,33629.0,Together,152,3,1,4,0
4500,33,Low,68682.0,Together,1598,4,9,10,0
9739,61,high,34377.0,Single,114,2,2,2,0
10395,38,Middle,8940.0,Single,101,3,1,3,0
1176,51,high,26228.0,Married,25,1,0,2,0
1627,67,Low,77297.0,Divorced,789,5,7,9,1
938,43,high,40211.0,Married,87,2,1,2,1
2740,66,Low,33438.0,Widow,90,2,1,4,0
257,65,Low,75032.0,Married,1215,5,4,9,0
4058,69,Low,61284.0,Single,811,11,2,8,1
7736,38,high,22518.0,Married,61,2,1,2,1
8210,49,high,54730.0,Married,405,4,1,8,0
833,69,high,38452.0,Married,72,3,0,3,0
6230,53,high,44421.0,Divorced,189,5,0,4,0
7325,38,Low,38197.0,Together,40,1,0,3,0
1307,46,high,41986.0,Divorced,63,3,0,4,0
1502,41,high,28427.0,Together,52,2,0,3,0
6211,48,Low,37395.0,Together,39,1,0,3,0
843,53,high,64722.0,Married,805,8,2,11,0
4174,68,high,55249.0,Together,130,2,1,4,0
9757,52,high,84906.0,Together,1631,5,6,12,3
6918,35,high,28691.0,Married,34,1,0,3,0
286,72,high,44213.0,Single,152,2,1,5,0
11086,40,Middle,25707.0,Single,21,1,0,3,0
1921,57,Low,59062.0,Married,71,2,0,3,0
4138,62,high,76624.0,Single,899,5,10,7,1
7718,77,high,66000.0,Together,711,1,3,5,0
1291,46,Low,27683.0,Together,351,6,2,4,0
6862,53,high,1730.0,Divorced,8,0,0,0,0
4136,32,Middle,7500.0,Single,119,3,2,2,0
803,56,high,40521.0,Together,21,0,1,2,0
4298,51,Low,20427.0,Together,10,1,0,2,0
10833,49,high,65106.0,Married,973,8,3,13,1
9606,59,Low,69969.0,Married,1536,4,2,6,2
8534,72,high,67433.0,Married,992,6,5,13,1
5153,57,Low,77766.0,Married,1529,11,10,11,1
961,52,high,74716.0,Married,860,7,3,5,0
5011,61,high,68118.0,Divorced,928,8,9,4,0
6653,54,Low,55158.0,Married,418,7,2,5,0
9094,69,Low,62972.0,Married,587,7,4,3,0
810,49,high,74190.0,Married,641,4,2,11,0
5493,48,high,39356.0,Married,23,1,0,2,1
2147,55,high,76653.0,Together,2279,4,7,11,2
5107,51,Low,35860.0,Divorced,49,1,1,2,1
3979,41,Low,90687.0,Divorced,1779,6,2,8,1
6049,42,high,73450.0,Together,1804,7,8,11,2
8147,64,high,31454.0,Married,48,2,0,3,0
1857,72,high,47139.0,Single,83,2,1,2,0
3910,49,high,83829.0,Divorced,1862,4,7,6,3
5207,61,Low,53378.0,Married,793,9,4,6,0
11114,54,high,19656.0,Together,84,2,1,3,0
5429,76,Low,45579.0,Married,183,4,1,4,0
9400,66,Low,85485.0,Single,1383,6,6,6,0
1740,80,high,55956.0,Married,999,7,3,4,1
7488,61,high,64191.0,Single,825,5,3,13,0
195,52,high,38808.0,Single,246,5,1,4,1
635,58,high,57183.0,Married,610,9,1,7,0
7527,56,high,23748.0,Divorced,76,2,1,3,0
10319,53,high,66303.0,Married,1286,3,4,11,1
2296,49,high,37368.0,Married,30,1,0,2,1
10637,60,high,40800.0,Married,99,3,0,3,0
2931,46,high,71847.0,Divorced,1192,6,7,9,1
907,49,high,46149.0,Married,362,5,1,7,0
3698,41,high,78687.0,Together,2130,4,6,8,1
9516,53,Low,49118.0,Divorced,1229,9,7,10,2
679,67,Low,37633.0,Married,38,1,0,3,0
7384,73,high,39767.0,Together,485,7,1,7,0
5043,73,Middle,26997.0,Married,434,4,2,5,0
5267,54,high,33986.0,Divorced,44,1,0,3,0
339,52,Low,57091.0,Married,496,9,2,5,1
2516,55,Low,46831.0,Married,78,1,2,2,0
9010,52,high,83151.0,Married,2346,5,7,10,3
378,53,high,52531.0,Married,794,7,2,10,0
4808,68,high,15759.0,Married,17,1,0,2,0
5068,53,high,22804.0,Single,26,2,0,2,0
7628,51,Low,43050.0,Married,76,2,0,4,0
7128,47,Low,42997.0,Single,15,1,0,2,0
2811,61,Low,48918.0,Single,62,1,0,4,0
3551,70,high,60033.0,Together,198,2,1,5,0
1663,46,Low,34043.0,Together,49,2,0,2,0
5543,58,high,57811.0,Together,802,7,2,11,1
1577,78,high,78569.0,Married,1736,4,6,4,1
10641,46,high,7500.0,Single,57,2,1,3,0
5336,53,high,157733.0,Together,59,1,0,1,0
6024,71,high,94384.0,Together,2302,5,8,5,3
1878,39,Low,23148.0,Married,37,2,0,3,0
3099,54,high,44267.0,Divorced,310,5,2,4,0
6055,45,high,71626.0,Married,1305,5,5,8,1
5841,58,high,60894.0,Together,832,10,3,8,0
3972,48,high,50200.0,Together,401,7,1,5,0
4394,59,Low,81051.0,Married,1501,5,5,12,2
5758,42,high,65169.0,Married,1189,10,4,13,4
6658,52,high,59868.0,Together,1194,11,2,12,0
4603,64,Low,65695.0,Married,656,5,4,10,0
8427,68,high,64857.0,Single,1540,7,5,10,0
10260,59,high,45143.0,Together,311,6,1,5,0
7143,69,Low,74805.0,Together,820,4,7,10,0
8789,35,Low,59060.0,Married,274,3,1,7,0
6197,62,Low,27238.0,Single,57,3,0,3,0
4554,59,high,47009.0,Together,448,3,2,8,0
4937,51,Low,46094.0,Married,44,1,0,3,0
1920,52,high,40321.0,Married,102,3,0,3,0
8749,40,high,37235.0,Together,61,1,1,2,0
1650,64,high,81843.0,Married,1643,5,9,12,0
10377,66,high,46692.0,Together,397,6,1,5,0
9206,56,high,77382.0,Together,1121,5,7,12,1
10971,47,high,37774.0,Single,473,7,2,3,1
6398,50,Middle,18393.0,Married,50,3,0,3,0
9212,62,high,72828.0,Married,1678,6,3,13,0
7937,42,high,24711.0,Married,58,3,0,3,0
839,49,Low,45503.0,Married,170,3,1,4,0
4246,42,high,6560.0,Single,373,1,0,1,0
158,79,Low,71604.0,Together,1196,8,3,5,1
4832,45,high,27244.0,Married,101,2,2,2,0
5621,55,high,48752.0,Married,316,6,1,5,0
1945,62,high,71434.0,Married,1400,7,4,7,2
5147,76,high,90842.0,Single,1424,4,9,13,0
2535,46,high,88097.0,Married,844,6,5,8,3
11039,49,high,51948.0,Married,311,5,2,4,0
9495,42,high,71853.0,Together,1149,2,8,6,0
9635,41,high,35876.0,Married,129,3,1,3,0
2173,72,high,40049.0,Widow,32,1,0,3,0
942,42,high,39660.0,Single,299,7,1,3,0
9386,62,high,50127.0,Together,320,5,1,6,1
5510,47,high,43263.0,Married,441,5,2,6,0
873,75,high,62845.0,Married,1178,3,4,10,1
2253,34,high,18929.0,Married,85,1,0,4,0
5181,42,Middle,24367.0,Single,24,1,0,2,0
979,49,high,33249.0,Single,112,2,1,3,0
10390,65,Low,26887.0,Married,30,1,0,3,0
4698,41,Low,50150.0,Married,410,5,2,7,0
7793,48,high,62061.0,Together,800,10,4,7,1
1745,62,Low,85696.0,Divorced,1313,4,6,9,0
10590,68,Low,76542.0,Together,1483,4,8,10,0
5080,31,high,70515.0,Single,1258,6,6,4,0
8369,37,high,18227.0,Together,28,0,1,2,0
5232,59,high,69139.0,Married,227,4,1,5,0
2407,42,high,69109.0,Married,1555,6,6,7,1
3834,62,high,69627.0,Single,861,8,2,11,0
7912,46,high,38136.0,Married,103,3,1,2,1
7712,78,Low,62159.0,Single,634,6,2,10,0
1065,61,high,80695.0,Single,1918,5,8,5,0
7275,53,high,33316.0,Single,131,2,1,4,0
1343,56,high,58554.0,Together,586,8,2,6,0
1384,32,Middle,17256.0,Married,62,2,1,2,1
9967,50,high,53034.0,Divorced,447,6,1,7,0
6181,74,Low,52203.0,Together,939,8,7,11,0
10507,47,Low,59601.0,Divorced,797,2,2,7,1
2674,66,high,75154.0,Single,1143,6,3,6,0
2698,48,high,47025.0,Single,415,6,3,5,0
3231,51,high,37971.0,Married,30,1,0,3,0
4096,56,high,41335.0,Divorced,187,4,1,4,0
10476,66,high,67267.0,Married,251,3,2,5,0
5948,49,high,57338.0,Single,237,4,1,5,0
9140,64,Low,50523.0,Together,91,2,0,4,0
10258,59,high,35791.0,Single,35,1,0,3,0
5675,64,Low,50611.0,Divorced,493,4,5,7,1
4743,55,Low,56242.0,Married,971,8,4,11,0
8805,64,high,48904.0,Single,371,7,2,4,0
1542,49,high,56243.0,Single,396,4,2,8,0
6770,39,high,21355.0,Married,68,2,1,2,1
8773,53,high,57420.0,Together,322,5,1,6,1
10475,54,high,51381.5,Together,317,4,2,6,0
10420,69,high,46390.0,Divorced,222,4,2,3,0
7514,68,Low,54342.0,Together,177,3,1,4,0
2902,66,high,51381.5,Together,45,1,0,3,0
4345,60,Low,51381.5,Single,21,1,0,2,0
793,51,high,20895.0,Married,45,2,0,3,0
10909,76,high,92344.0,Married,1899,5,10,5,2
3769,52,Low,51381.5,Together,42,1,0,3,0
8702,48,Low,26907.0,Together,22,1,0,3,0
4791,44,high,44964.0,Together,41,1,0,3,0
2963,45,high,75507.0,Together,1440,8,6,6,0
8216,52,high,53761.0,Married,325,4,4,3,0
8140,51,high,22682.0,Together,95,2,1,4,0
10146,52,Low,38887.0,Together,42,1,0,3,0
5289,49,Low,41658.0,Single,72,1,1,2,0
2587,52,Low,29791.0,Married,20,2,0,3,0
4405,68,high,63915.0,Married,789,6,3,12,0
8663,50,high,39996.0,Divorced,15,1,0,2,0
2589,52,high,26759.0,Divorced,59,2,1,3,0
3421,56,high,63841.0,Divorced,908,9,3,9,0
10490,55,Low,51039.0,Married,417,6,2,4,0
4094,63,high,60544.0,Married,289,5,1,5,0
9958,52,high,65685.0,Married,769,9,2,9,0
2534,71,high,37716.0,Married,188,4,1,3,0
4188,67,high,36864.0,Single,354,5,2,4,0
6613,54,high,44511.0,Married,727,8,4,8,0
10827,57,Low,36947.0,Married,146,3,0,4,0
5491,73,high,47352.0,Together,319,6,1,5,0
8402,71,high,67087.0,Married,794,7,5,8,0
8783,74,high,57045.0,Married,454,4,2,9,0
10010,71,Low,36957.0,Divorced,152,3,2,2,0
618,47,Low,69389.0,Married,797,7,2,12,0
9121,52,high,80134.0,Married,1690,5,3,6,3
361,55,high,43142.0,Married,20,1,0,2,0
4310,80,high,80589.0,Married,1428,5,10,5,1
2678,34,high,34412.0,Single,209,5,0,3,0
6376,45,high,57537.0,Single,545,4,3,8,0
524,58,Middle,22634.0,Together,96,2,1,2,0
10341,76,high,51315.0,Together,222,2,2,5,0
5654,52,high,36026.0,Married,61,2,0,3,0
4098,51,high,24639.0,Married,44,2,0,4,0
5824,52,Low,34578.0,Together,8,1,0,2,0
7000,52,Low,65704.0,Single,817,2,10,10,0
2561,58,high,63810.0,Single,1371,4,3,12,1
5229,55,Low,54132.0,Together,42,1,0,3,0
4086,65,high,18690.0,Married,60,1,1,2,0
2428,54,high,28164.0,Married,78,2,0,4,0
8254,50,Low,34596.0,Married,23,1,0,2,0
2836,52,Low,43269.0,Married,19,1,0,2,0
8418,66,Low,38741.0,Single,61,2,0,3,0
1362,52,high,31907.0,Single,449,6,1,6,0
7152,41,high,27100.0,Married,37,1,0,3,0
10033,51,Low,31163.0,Divorced,38,1,0,3,0
9349,39,high,92533.0,Married,1131,6,5,11,2
274,51,high,34853.0,Single,34,2,0,3,0
3388,57,high,70844.0,Divorced,294,6,1,5,0
922,45,Low,31086.0,Married,48,1,1,2,1
8588,63,high,60544.0,Married,289,5,1,5,0
2518,38,Low,20491.0,Together,30,0,1,2,0
574,60,high,42523.0,Married,125,1,1,4,0
3220,41,high,39922.0,Married,156,3,0,4,0
5967,72,high,33402.0,Together,70,2,1,3,0
1183,75,high,36408.0,Married,22,1,0,2,0
6856,45,high,21645.0,Together,65,3,0,3,0
4530,76,high,78427.0,Widow,1930,3,7,10,1
1553,78,high,82657.0,Together,2283,7,5,10,2
4682,66,high,51876.0,Married,310,2,2,8,0
8204,53,Low,78041.0,Married,1319,4,4,9,0
5221,67,high,52852.0,Married,879,10,7,5,1
1232,42,Low,70038.0,Together,1244,4,4,8,0
1927,51,Low,69401.0,Together,690,4,4,5,0
5788,52,high,46053.0,Together,209,3,2,4,0
6652,59,high,77343.0,Married,1134,3,4,9,0
6246,71,high,73892.0,Single,1507,3,11,8,0
5975,57,Low,40304.0,Single,57,2,0,3,0
6875,59,Low,32727.0,Together,529,7,3,5,0
4399,55,high,68695.0,Together,1091,4,4,7,0
4042,53,high,43300.0,Divorced,180,4,0,4,0
2157,52,high,26290.0,Together,77,2,0,4,0
10133,54,high,93790.0,Single,2349,6,7,12,3
2525,50,Low,38410.0,Married,534,5,2,9,0
8233,74,high,64866.0,Widow,556,7,3,7,1
9483,65,high,57957.0,Together,637,4,6,8,0
2945,69,Low,46015.0,Together,46,1,0,3,2
10403,46,high,16531.0,Together,44,3,0,3,0
5074,38,high,28072.0,Married,47,1,0,3,0
10524,61,high,49476.0,Divorced,795,2,11,5,0
4690,71,high,50725.0,Married,586,8,1,8,0
7521,72,high,83844.0,Together,1574,4,4,11,1
7196,74,Low,41145.0,Married,13,0,0,3,0
4406,54,high,67419.0,Together,1471,9,4,8,0
9672,54,Low,23162.0,Married,65,1,1,3,0
4864,47,high,34380.0,Married,175,4,1,3,0
4706,58,high,34704.0,Single,40,1,0,3,0
4070,55,Low,94871.0,Married,1078,8,5,4,2
25,66,high,65148.0,Married,1115,6,6,7,0
3697,70,high,39898.0,Together,134,3,0,4,0
217,68,high,64857.0,Single,1540,7,5,10,0
4220,54,Low,59892.0,Married,87,2,1,3,0
5286,37,high,41020.0,Single,217,3,2,4,0
9559,63,Low,57072.0,Married,1034,7,5,13,1
2849,45,high,60474.0,Single,1180,10,2,12,0
7787,64,high,62807.0,Together,819,5,3,12,0
3102,43,Low,19414.0,Together,32,1,0,3,0
5868,44,high,19107.0,Married,46,1,0,3,0
8370,48,Low,75484.0,Together,1159,7,3,6,0
9988,48,high,70379.0,Single,860,6,3,13,0
2939,54,high,79419.0,Together,1631,4,6,4,0
5529,78,Low,64014.0,Together,444,8,2,5,1
9743,69,high,76998.0,Married,1910,11,8,8,1
5763,52,high,49854.0,Together,380,6,2,5,0
3478,53,Low,60585.0,Married,736,7,4,9,0
7494,74,Low,42873.0,Divorced,269,6,1,4,0
1763,36,high,87679.0,Together,2524,7,11,10,3
7250,46,high,57867.0,Together,612,7,2,9,0
2005,34,high,35765.0,Married,75,2,0,4,0
10770,65,high,65492.0,Married,1045,4,7,13,0
6885,47,high,32952.0,Divorced,55,2,0,3,0
2072,55,Low,53374.0,Together,1064,4,2,9,1
9463,65,high,71706.0,Together,1443,9,5,7,0
6318,36,high,68487.0,Married,1366,9,7,13,0
4093,49,high,53253.0,Together,436,4,3,5,0
5751,51,Low,31163.0,Divorced,38,1,0,3,0
3340,47,high,42014.0,Married,436,7,1,6,0
3594,51,high,54108.0,Married,747,8,2,9,0
3584,69,Low,49667.0,Single,1396,5,10,5,1
3643,50,high,63206.0,Married,928,4,3,6,1
851,52,high,57136.0,Married,642,5,2,10,0
7706,49,Low,46772.0,Together,1048,11,8,5,1
3967,53,Low,78931.0,Married,943,2,8,13,0
10128,66,high,53977.0,Together,907,5,5,12,0
486,36,high,84219.0,Married,1198,3,4,10,0
9,49,high,46098.0,Single,120,3,2,2,0
9451,59,high,73538.0,Married,1658,10,4,9,0
9264,38,high,79529.0,Married,1638,4,8,9,0
3865,47,Low,20981.0,Together,73,3,1,2,0
2853,44,high,51766.0,Single,275,4,2,4,0
1490,62,high,55759.0,Married,854,10,3,8,0
6310,46,high,33039.0,Married,78,2,0,4,0
10380,52,high,37787.0,Married,106,3,0,3,0
3887,54,high,27242.0,Single,106,2,0,3,0
4278,41,Low,87188.0,Single,1923,10,2,6,0
8643,53,high,69930.0,Together,1662,4,5,12,0
1998,48,high,37697.0,Single,84,2,1,3,0
10795,51,Low,37401.0,Married,48,2,0,3,0
11110,51,high,3502.0,Single,5,0,0,0,0
2408,48,high,58597.0,Married,733,7,4,9,0
202,76,Low,82032.0,Widow,1234,4,6,7,0
7998,66,high,28087.0,Together,112,2,2,2,0
830,37,Low,74004.0,Single,1658,4,6,4,2
3536,64,high,19740.0,Together,55,1,1,3,0
6050,49,Low,57036.0,Married,1513,6,3,13,1
125,66,Low,53083.0,Together,271,5,1,5,1
3463,49,Low,69283.0,Married,904,7,3,13,0
2804,49,high,46098.0,Single,120,3,2,2,0
3745,36,Low,23331.0,Married,103,3,0,3,0
9771,36,Low,23331.0,Single,269,5,1,5,0
451,35,high,9255.0,Single,22,1,1,2,0
10530,65,Low,67786.0,Widow,1156,3,6,6,0
1079,53,Low,71969.0,Married,1086,3,4,9,1
8920,57,high,59235.0,Single,1128,11,2,12,0
6678,35,high,31928.0,Together,72,3,0,4,0
3852,63,high,74881.0,Together,964,9,2,12,0
528,46,high,65819.0,Married,1383,5,4,10,0
73,71,Low,51411.0,Single,18,0,0,3,0
5589,60,high,51983.0,Divorced,793,9,2,10,0
10212,38,high,42386.0,Together,100,3,0,3,0
6365,37,Low,30390.0,Married,80,2,0,3,0
5636,61,high,30983.0,Single,167,4,0,3,0
591,67,high,66033.0,Widow,677,8,3,7,0
2217,49,Low,37284.0,Married,23,0,0,3,0
2544,73,high,57530.0,Divorced,92,1,1,4,0
7725,59,Low,76800.0,Married,641,4,4,7,0
8091,68,high,63943.0,Married,1106,6,4,6,0
7321,62,high,76081.0,Together,1033,4,5,4,1
5462,50,high,67445.0,Married,1174,9,6,12,0
7791,57,high,37054.0,Married,25,1,0,3,0
955,62,high,47175.0,Together,240,4,2,4,1
4037,48,high,31859.0,Divorced,20,1,0,2,0
6642,63,high,27215.0,Divorced,102,2,1,4,0
2793,48,Low,70179.0,Divorced,1034,7,3,13,0
5424,41,high,39922.0,Married,156,3,0,4,0
879,48,high,49681.0,Married,458,7,1,7,0
9530,36,high,24645.0,Married,17,1,0,2,0
4828,70,high,79865.0,Divorced,792,5,10,5,0
10699,39,high,44322.0,Married,92,3,0,3,0
1497,72,high,47958.0,Single,407,6,3,5,0
7476,60,high,63972.0,Single,1269,5,4,10,1
4390,70,high,75315.0,Together,841,5,4,12,0
10478,74,Low,55517.0,Married,633,11,1,6,0
1081,67,Low,75283.0,Married,1019,6,3,5,0
4261,78,Low,82800.0,Single,1315,7,6,12,2
9916,70,high,38998.0,Married,54,2,0,3,0
5350,33,high,90638.0,Single,2525,3,4,10,1
8135,38,high,27161.0,Married,52,1,0,3,0
8685,47,high,42014.0,Married,436,7,1,6,0
4967,64,Low,38201.0,Together,268,5,1,5,0
2130,42,high,45203.0,Together,147,3,1,3,0
9298,77,Low,81574.0,Together,1798,4,5,8,2
8175,32,high,34935.0,Married,137,2,1,4,0
6257,48,high,60482.0,Single,507,7,2,7,0
3790,68,high,34633.0,Together,15,1,0,2,0
9952,77,high,78093.0,Together,1105,4,7,5,0
3503,74,high,82460.0,Divorced,974,5,3,6,0
5223,58,high,45903.0,Together,66,2,1,3,0
4608,37,high,81361.0,Divorced,778,3,10,13,0
1626,51,Low,35860.0,Divorced,49,1,1,2,1
4764,72,high,40442.0,Together,169,3,1,4,0
2471,59,high,61482.0,Married,299,3,2,6,0
5892,44,high,34968.0,Married,221,3,2,5,0
2612,37,high,75794.0,Married,1682,7,5,12,1
4971,62,Low,31497.0,Together,155,3,1,4,0
5185,69,high,74268.0,Married,892,4,3,5,0
10069,36,Middle,13724.0,Together,58,2,0,2,1
2262,59,high,45143.0,Together,311,6,1,5,0
1131,57,Low,52569.0,Single,95,2,0,4,0
1041,51,Low,48432.0,Single,424,7,1,6,0
24,64,high,17144.0,Together,47,3,0,4,0
3409,40,high,36108.0,Single,339,7,1,4,1
7022,53,high,76445.0,Married,1410,2,5,13,0
7943,49,Low,36663.0,Married,35,1,1,3,0
5272,59,high,53843.0,Married,562,8,5,3,0
5453,68,high,90226.0,Married,2352,4,7,12,1
2565,69,high,70638.0,Divorced,1334,4,5,10,1
800,64,high,44512.0,Together,32,1,0,3,0
11092,63,high,27116.0,Married,41,2,0,3,0
5062,61,Low,54072.0,Married,39,2,0,2,0
8969,47,high,71855.0,Married,1141,5,5,11,0
4656,34,Low,51250.0,Single,710,10,5,4,1
4480,51,high,60432.0,Married,401,7,2,5,0
9971,60,Low,65526.0,Married,506,4,4,8,0
6729,36,high,68655.0,Single,1538,4,5,11,0
1773,46,Low,12393.0,Married,57,2,0,3,0
9242,34,high,64509.0,Single,1722,6,3,9,1
1764,49,high,33955.0,Single,270,5,1,5,0
6215,47,high,31353.0,Married,31,1,1,2,0
10099,40,high,55434.0,Married,882,5,3,13,0
5423,41,high,28359.0,Together,16,1,0,2,0
940,37,high,57100.0,Single,311,3,2,7,0
3011,59,high,69139.0,Married,227,4,1,5,0
3298,68,high,52973.0,Married,1152,9,6,9,0
8286,59,Low,51717.0,Together,122,3,0,4,1
9668,53,high,18793.0,Married,77,2,0,4,0
5120,42,Low,66664.0,Together,1289,5,7,6,0
6097,65,high,50664.0,Single,561,8,1,6,0
7019,61,high,54414.0,Together,211,3,1,5,0
7408,72,Low,54549.0,Married,233,5,1,4,0
8041,53,Low,47111.0,Widow,1092,3,2,10,0
252,61,Low,41003.0,Divorced,601,6,2,8,0
9986,42,high,19444.0,Together,54,4,1,2,0
3276,48,Low,36301.0,Together,78,3,0,3,0
3859,77,Low,73059.0,Together,1095,9,3,13,0
3570,55,Low,42731.0,Together,244,4,1,5,0
3783,65,Low,52854.0,Married,116,2,1,4,0
10207,46,high,22775.0,Together,15,1,0,2,0
10906,76,Low,46681.0,Together,425,4,6,4,0
3427,69,Low,59821.0,Married,734,11,2,7,0
5209,70,high,50002.0,Divorced,638,8,2,7,0
10711,79,high,69755.0,Married,894,3,6,12,0
10785,55,high,44078.0,Married,41,2,0,3,0
2814,48,high,30560.0,Together,31,1,0,3,0
6866,55,high,35924.0,Together,34,1,0,3,0
1665,60,Low,64140.0,Divorced,1750,2,5,6,3
6575,43,high,56386.0,Together,612,9,1,7,0
3829,45,Middle,24594.0,Together,29,1,0,3,0
3091,43,Low,75774.0,Together,823,7,5,8,0
10141,64,high,39228.0,Divorced,20,0,0,3,0
5177,50,high,58494.0,Married,396,6,2,6,0
7005,43,high,58684.0,Single,813,5,3,12,1
6409,57,high,57136.0,Divorced,1179,7,5,7,0
7485,74,Low,56551.0,Widow,138,2,1,4,0
8079,42,high,22448.0,Married,55,2,1,3,0
8395,63,high,82014.0,Single,1511,3,6,12,0
10352,61,high,34213.0,Widow,117,3,1,2,0
4931,47,high,157146.0,Together,1730,0,28,0,0
13,77,Low,25358.0,Widow,32,1,0,3,0
1834,46,high,35544.0,Single,67,2,0,3,0
2285,70,high,36634.0,Together,335,5,2,5,0
2295,70,Low,62670.0,Married,825,5,3,13,0
1378,52,Low,50334.0,Together,694,7,4,6,0
2781,43,high,72066.0,Single,1792,4,6,6,2
1165,66,Low,50729.0,Single,496,6,2,7,0
1404,56,high,34916.0,Together,231,5,1,3,0
6457,48,high,64892.0,Divorced,902,6,4,12,0
2639,58,high,43602.0,Single,68,3,1,2,0
8299,35,Low,33996.0,Single,71,1,1,3,0
6437,39,Low,41473.0,Single,76,2,0,3,0
6912,57,Low,63246.0,Married,772,6,3,12,0
7327,65,Low,36732.0,Married,47,1,1,4,0
5299,54,Low,69084.0,Married,1586,7,3,13,0
4127,57,Low,77766.0,Married,1529,11,10,11,1
8143,39,Low,37929.0,Single,265,4,2,5,2
1964,73,high,86610.0,Together,1603,5,6,6,0
3690,38,high,80141.0,Married,2091,7,4,10,1
3433,69,Low,72635.0,Married,981,6,8,6,1
3389,54,high,69016.0,Married,1533,8,9,13,0
4712,33,Low,20193.0,Together,82,1,1,4,0
1170,49,high,27573.0,Married,244,5,1,4,0
6347,45,Middle,15862.0,Single,36,1,0,3,0
4065,48,Low,49544.0,Married,404,5,1,8,0
8230,44,high,33228.0,Married,71,2,0,3,0
1215,46,high,70440.0,Together,1572,5,10,7,1
5939,53,high,38232.0,Together,122,3,1,3,0
2156,69,Low,22554.0,Married,41,2,0,4,0
7788,41,Low,23536.0,Married,10,0,0,3,0
10323,72,high,49413.0,Married,304,4,2,5,0
7947,55,high,42231.0,Married,37,1,0,3,0
1891,44,high,78789.0,Divorced,1754,4,6,5,0
2570,56,high,56534.0,Together,815,10,4,7,2
9256,53,high,58350.0,Single,1001,8,3,12,0
295,35,high,81217.0,Single,1157,3,7,11,0
7397,73,high,49090.0,Single,688,7,2,9,0
6349,37,high,61787.0,Divorced,1319,8,4,6,0
10790,39,Low,18169.0,Married,21,1,0,2,0
10398,43,Low,24336.0,Single,31,1,0,2,0
2431,34,high,18222.0,Married,67,2,0,3,0
550,72,high,62335.0,Divorced,708,3,3,13,0
1890,53,Low,42033.0,Together,25,1,0,2,0
10742,41,Low,86580.0,Married,746,4,2,5,1
10356,67,Low,41437.0,Divorced,32,1,0,3,0
4676,73,high,73705.0,Widow,1695,9,6,8,0
8852,48,high,61064.0,Married,1080,8,4,11,0
3565,69,high,38452.0,Married,72,3,0,3,0
5294,35,high,18358.0,Single,57,3,0,4,0
1958,51,Low,55012.0,Together,660,8,2,9,0
7349,51,Middle,9722.0,Together,103,3,1,3,0
8799,40,Low,38175.0,Married,153,3,1,4,0
1351,68,high,58656.0,Together,1220,7,8,13,1
1045,59,high,52117.0,Together,279,5,2,4,0
7732,46,high,64813.0,Married,745,7,2,10,0
8070,51,Low,54222.0,Married,264,3,3,5,0
477,38,high,83512.0,Married,2157,4,7,10,4
7832,65,high,77520.0,Married,1526,8,7,7,3
2202,46,high,41154.0,Together,69,1,0,4,0
7396,58,high,80398.0,Married,1597,5,8,12,1
4055,32,Middle,18746.0,Single,64,3,0,3,0
10340,40,high,35196.0,Together,497,6,1,5,0
10091,68,high,60230.0,Single,1067,6,3,6,0
7629,47,high,22108.0,Married,31,2,0,3,0
10640,50,high,44392.0,Together,211,4,1,4,0
3498,48,Low,55424.0,Married,877,7,5,9,1
6742,45,high,17688.0,Married,11,1,0,2,0
1172,41,Low,92491.0,Married,2034,7,5,12,3
569,33,high,90273.0,Single,1991,5,6,7,3
4686,62,Low,82571.0,Widow,1686,6,5,13,1
1381,42,Low,38513.0,Single,324,6,1,5,0
2634,45,high,16653.0,Single,69,2,1,3,0
10905,69,high,42586.0,Together,252,4,1,6,0
1744,59,Middle,23529.0,Single,54,1,1,2,0
1000,63,high,74881.0,Together,964,9,2,12,0
3828,73,high,71107.0,Married,1327,7,6,13,0
8605,60,Low,46910.0,Together,68,2,0,3,0
10304,65,high,18690.0,Married,60,1,1,2,0
4351,69,high,37244.0,Divorced,55,1,1,2,1
10129,58,high,82427.0,Together,1456,3,5,12,1
2499,66,Low,75342.0,Single,563,5,2,10,0
10092,70,high,70044.0,Divorced,1504,7,10,5,0
7500,57,high,79146.0,Single,564,8,1,8,0
5796,61,high,77437.0,Married,1125,4,5,13,1
10556,65,high,54984.0,Married,358,6,1,6,1
1064,53,Low,42403.0,Married,42,1,0,3,0
48,60,high,55761.0,Together,184,4,1,3,1
7610,41,high,37292.0,Together,460,6,3,5,0
263,79,Low,45576.0,Single,145,3,1,3,0
10814,77,high,70321.0,Together,1376,6,5,13,0
9710,55,Low,58086.0,Divorced,792,11,3,7,0
9292,72,high,81795.0,Married,1382,4,11,7,0
10250,77,Middle,28389.0,Together,28,1,0,2,0
7881,78,high,66835.0,Married,1033,6,4,13,0
5847,55,high,69901.0,Divorced,882,7,3,10,0
737,75,Low,80360.0,Married,2231,4,4,5,3
3571,63,Low,63342.0,Together,1101,8,3,5,1
7807,50,high,44989.0,Married,369,5,1,5,0
3878,44,Low,31859.0,Single,48,1,0,3,0
5092,75,Low,51569.0,Widow,467,7,1,7,1
2154,53,high,30372.0,Widow,44,2,0,3,0
5394,45,Middle,16014.0,Single,38,1,1,4,0
3798,56,high,41120.0,Married,81,2,1,3,0
3524,53,high,39763.0,Single,167,5,1,2,0
5247,69,Low,38725.0,Married,45,1,0,4,0
5883,52,high,77981.0,Married,664,7,4,7,0
2118,60,Low,62905.0,Married,622,7,2,8,0
8812,45,Low,13533.0,Divorced,48,2,0,3,0
6616,49,high,59481.0,Together,461,3,3,8,0
2797,47,high,72117.0,Married,1073,9,7,9,0
4328,38,Low,21955.0,Married,55,2,1,3,0
9167,68,high,67131.0,Married,976,9,2,12,0
10560,44,Low,36802.0,Single,20,1,0,3,0
2631,42,high,71853.0,Together,1149,2,8,6,0
8312,63,Middle,28249.0,Married,43,2,0,3,0
5534,49,high,47808.0,Married,224,3,2,3,1
5093,50,Low,25509.0,Divorced,101,3,0,3,0
7592,78,Low,51012.0,Married,209,4,1,4,0
8895,39,high,70596.0,Single,968,3,5,12,0
8584,72,Low,85431.0,Together,1165,2,7,7,0
2694,57,high,42664.0,Married,24,1,0,3,0
8910,69,high,42586.0,Together,252,4,1,6,0
7433,39,high,29760.0,Single,165,3,1,4,0
164,47,Low,28973.0,Married,269,5,1,5,0
10477,51,Low,39435.0,Together,102,3,1,2,0
2681,40,Low,65370.0,Married,461,2,3,13,0
5150,45,Middle,20194.0,Single,47,2,0,3,0
5283,48,Low,42473.0,Single,144,2,1,4,0
9645,56,high,64590.0,Married,1338,9,4,10,0
10678,65,high,71232.0,Together,917,11,2,10,0
7261,53,high,34600.0,Together,318,5,2,5,0
9648,57,high,46904.0,Single,253,5,1,4,0
2870,51,high,49094.0,Married,502,6,3,6,0
8008,41,high,36075.0,Together,119,2,0,4,0
1513,45,Low,60839.0,Together,1250,2,2,12,0
6173,45,high,77298.0,Together,969,6,6,11,0
1419,74,high,34026.0,Together,76,2,1,3,0
9150,61,Low,48918.0,Single,62,1,0,4,0
7960,62,Low,82122.0,Together,1382,3,9,13,1
1250,48,high,37697.0,Single,84,2,1,3,0
9905,72,high,34074.0,Together,255,3,3,3,1
10691,64,high,28520.0,Married,43,1,1,2,0
7002,69,high,62535.0,Single,398,3,2,8,0
2952,47,high,36273.0,Single,76,3,0,3,0
8439,60,high,63404.0,Together,902,6,3,4,1
762,43,Low,75774.0,Together,823,7,5,8,0
2831,48,high,78416.0,Together,1179,7,7,10,0
6977,50,high,75702.0,Together,1921,10,5,13,1
6289,73,high,59385.0,Together,185,3,1,4,0
4168,58,high,37070.0,Single,433,5,1,8,0
8397,73,high,44689.0,Married,34,1,1,2,1
9284,66,high,53977.0,Together,907,5,5,12,0
6237,58,Low,7144.0,Single,416,23,1,1,0
3130,60,high,18701.0,Single,44,2,0,4,0
1619,68,high,90369.0,Married,1588,4,6,6,0
1990,50,Low,63159.0,Single,1797,3,5,8,1
5513,58,high,37758.0,Together,40,1,0,3,0
269,61,Low,46757.0,Single,1143,4,4,7,0
8093,55,high,79734.0,Married,914,4,3,6,1
10513,32,high,63207.0,Together,1502,2,3,6,1
10177,70,high,72071.0,Divorced,1338,5,4,8,0
2549,41,Low,21840.0,Together,27,1,0,3,0
5782,42,Low,58582.0,Together,763,9,2,9,1
10057,73,high,72282.0,Single,1331,5,7,9,0
10307,68,high,50387.0,Married,525,6,2,8,0
8566,63,Low,32583.0,Together,9,1,0,2,0
2415,62,high,62568.0,Together,953,5,3,5,1
5684,53,high,44635.0,Divorced,68,2,0,3,0
8334,53,high,33316.0,Single,131,2,1,4,0
9166,56,high,63967.0,Married,882,4,4,12,0
1440,46,Low,52513.0,Together,1149,9,5,9,0
78,55,high,25293.0,Married,37,1,1,2,0
5441,59,Low,54111.0,Widow,388,5,2,6,0
5302,38,high,78394.0,Together,1428,4,6,5,0
4687,66,high,80739.0,Married,1633,3,11,9,0
1087,49,high,22669.0,Together,173,4,1,2,0
6859,37,high,29236.0,Single,99,4,0,3,0
9860,65,high,44911.0,Together,215,4,1,4,0
7129,62,Low,54693.0,Married,929,6,4,13,0
5866,50,high,48186.0,Together,219,4,1,4,0
10521,47,high,54809.0,Married,174,2,1,5,0
7393,46,high,41580.0,Together,92,2,1,3,0
7849,54,Low,80336.0,Married,1052,2,9,13,0
332,67,high,47743.0,Married,275,4,1,6,1
9847,69,Low,62972.0,Married,587,7,4,3,0
531,70,Low,57333.0,Divorced,1662,8,5,9,0
9576,42,Low,32313.0,Together,159,4,0,4,0
6906,71,high,84953.0,Widow,1024,3,10,4,3
7419,56,high,27071.0,Divorced,35,2,0,3,0
3170,67,high,68148.0,Together,1042,4,4,6,0
8527,59,high,65735.0,Together,395,6,2,6,0
7872,49,Low,86836.0,Married,557,6,10,6,3
9931,61,Low,4023.0,Married,9,0,0,0,0
10595,34,high,30093.0,Married,69,2,0,3,0
4609,58,Low,57705.0,Married,486,8,1,6,0
5010,36,high,25008.0,Single,34,1,0,3,0
4427,29,Low,83257.0,Single,1365,5,10,12,2
11148,49,high,22280.0,Together,13,1,0,2,0
1168,46,Low,72159.0,Married,1401,4,6,10,0
9595,63,high,64260.0,Together,1574,4,5,4,0
10163,40,Low,82733.0,Single,1323,8,4,7,0
2886,53,high,74290.0,Divorced,1217,10,8,10,2
6710,73,high,58217.0,Single,103,2,0,4,0
5316,48,high,21024.0,Together,84,2,0,4,0
9029,52,Low,70116.0,Married,1536,2,8,12,0
521,39,high,54006.0,Together,581,8,1,7,0
1459,58,Low,69063.0,Married,928,5,3,5,0
10241,49,Low,11448.0,Divorced,14,1,0,2,0
1630,45,high,61825.0,Single,424,4,2,8,0
3254,53,high,70886.0,Married,960,5,4,4,0
9064,42,high,69109.0,Married,1555,6,6,7,1
3678,51,high,60208.0,Widow,656,8,3,7,1
4227,56,high,32889.0,Together,55,2,1,3,0
9467,40,high,34738.0,Single,20,1,0,3,0
8486,53,high,30538.0,Together,367,9,0,4,0
2186,47,Low,82326.0,Together,2257,5,10,6,3
3286,57,Low,26642.0,Divorced,42,2,0,3,0
8602,60,high,69932.0,Divorced,1049,7,6,11,0
3722,52,high,44503.0,Single,48,2,0,3,0
6715,76,Low,60200.0,Single,685,6,2,11,0
4796,72,high,49638.0,Divorced,39,1,0,3,0
9612,37,Low,23830.0,Single,43,1,0,3,0
3766,65,high,33051.0,Widow,835,9,1,8,0
1399,66,high,72905.0,Married,1515,3,7,9,1
1570,73,Low,69702.0,Together,1039,7,7,10,0
3426,49,high,70300.0,Divorced,1596,5,5,13,0
3074,40,Low,70643.0,Married,1828,5,8,4,0
8341,55,Low,30396.0,Married,34,1,1,2,1
5180,56,Low,50616.0,Divorced,149,4,0,4,0
6461,55,high,62772.0,Single,946,5,6,11,1
7679,39,Low,30298.0,Single,28,1,1,3,0
10702,40,high,52413.0,Single,450,7,1,7,0
7505,67,Low,44155.0,Married,46,1,1,2,0
5113,53,Low,86979.0,Divorced,1702,5,5,5,1
10858,49,high,76532.0,Together,820,9,5,7,0
2961,42,high,42081.0,Married,382,6,3,4,1
2747,36,Low,67546.0,Married,2126,4,10,5,0
3010,35,high,88420.0,Together,2069,4,7,8,3
5790,39,high,31158.0,Married,72,2,0,3,0
6892,56,high,61671.0,Divorced,732,10,4,6,2
1743,50,high,69719.0,Single,801,2,3,5,0
3578,75,high,49160.0,Divorced,236,3,1,6,0
8462,46,Middle,24882.0,Together,80,1,1,2,1
5558,70,Low,90933.0,Single,1685,4,6,4,1
4619,79,Low,113734.0,Single,277,27,0,0,0
8780,74,Low,59292.0,Together,507,3,5,8,0
10789,60,Low,45759.0,Married,68,2,0,3,0
10779,41,high,22148.0,Single,49,1,0,3,0
5896,37,high,73395.0,Married,397,4,4,6,0
2337,53,high,29819.0,Divorced,39,3,0,3,0
10951,56,high,45688.0,Married,306,3,1,8,1
544,70,high,62820.0,Married,976,3,4,6,0
17,53,Low,60491.0,Married,1028,6,11,7,0
10680,38,high,33235.0,Together,70,3,0,3,0
3265,65,high,35701.0,Married,46,1,0,3,0
5623,44,high,31535.0,Married,51,1,1,2,1
5832,64,Low,92556.0,Together,1263,3,5,13,0
5544,54,high,67384.0,Single,1490,7,8,5,1
6417,53,high,80573.0,Together,1564,4,6,13,0
5831,57,high,77870.0,Married,1815,5,5,5,2
7101,61,Low,52278.0,Widow,1198,10,5,10,0
10176,56,high,57107.0,Single,416,4,4,8,2
2326,34,high,18929.0,Married,85,1,0,4,0
4385,43,Low,36038.0,Single,47,3,0,3,0
2929,48,high,20180.0,Single,137,2,1,4,0
10686,59,Low,34230.0,Together,21,1,0,2,0
2546,47,Low,31878.0,Single,70,1,0,4,0
3283,52,Low,70932.0,Married,909,6,2,12,0
3138,68,high,91249.0,Single,1676,7,9,6,4
4994,81,high,77598.0,Single,1735,7,5,13,1
7966,65,high,80982.0,Single,1191,11,5,11,0
3112,47,high,22701.0,Married,24,1,0,3,0
10872,55,Low,55212.0,Married,1182,4,2,11,2
2181,54,high,70617.0,Married,1280,3,3,7,0
1867,67,high,64849.0,Single,1336,9,3,6,0
1518,59,high,62694.0,Married,749,9,3,7,0
5734,50,Low,61917.0,Married,91,2,0,4,0
2878,77,Low,67472.0,Married,414,4,2,7,0
1458,42,high,21059.0,Married,44,3,0,3,0
7007,56,high,29543.0,Married,63,3,1,2,0
6200,73,high,75903.0,Married,901,6,6,9,0
1403,49,Low,34984.0,Together,38,1,0,3,0
4827,68,Low,54998.0,Single,455,4,2,9,0
6250,75,Low,54356.0,Widow,775,11,2,8,0
9291,65,high,34242.0,Married,15,0,0,3,0
2478,51,high,25410.0,Married,38,1,0,4,0
1139,40,Low,73356.0,Married,1512,5,11,5,3
5138,74,high,28320.0,Together,43,1,0,3,0
5393,47,high,23763.0,Single,42,1,0,3,0
10413,40,high,72570.0,Married,1089,4,6,12,0
5015,48,high,34529.0,Married,162,2,2,3,0
10868,73,high,70792.0,Widow,1272,3,4,10,0
10676,42,high,63211.0,Married,1173,3,8,7,0
2495,50,high,83891.0,Married,816,4,7,10,0
7842,56,high,36065.0,Single,74,3,0,3,0
9955,70,high,39898.0,Together,134,3,0,4,0
6663,84,Low,51141.0,Single,157,3,1,4,0
2162,48,high,56939.0,Married,561,3,3,10,0
3434,73,high,80872.0,Single,1336,4,4,10,0
7919,48,Low,72335.0,Together,2092,10,4,8,0
5626,60,Low,61798.0,Single,463,4,2,9,0
6428,74,Low,76842.0,Widow,1130,1,8,7,0
8514,48,high,29478.0,Together,20,1,0,3,0
10448,68,high,46998.0,Single,377,5,3,5,1
2109,34,high,96843.0,Single,1544,6,11,10,1
7530,74,Low,56551.0,Widow,138,2,1,4,0
8925,59,high,70053.0,Married,1012,8,5,10,0
3009,62,Low,71670.0,Widow,1766,5,3,6,3
6355,46,high,44359.0,Married,45,2,0,4,0
3517,72,high,40887.0,Single,161,3,1,3,0
1158,58,high,48877.0,Divorced,144,3,0,4,0
6203,77,high,74485.0,Together,1734,6,7,12,0
7165,52,high,64474.0,Together,823,8,2,10,0
3595,61,high,77226.0,Together,1138,6,8,12,0
8537,75,high,72643.0,Widow,1429,3,10,7,1
4331,46,high,85738.0,Together,1371,3,6,11,2
6281,58,high,55686.0,Divorced,982,6,3,5,1
4338,41,high,39062.0,Single,44,1,0,3,1
2452,53,high,34600.0,Together,318,5,2,5,0
9507,49,high,40794.0,Married,434,6,3,5,0
8360,53,Low,54690.0,Married,198,3,1,5,0
10311,55,high,4428.0,Married,359,25,0,0,0
5117,61,Low,32632.0,Married,576,4,4,8,0
4867,56,Low,38236.0,Single,88,3,0,4,0
9289,45,high,36781.0,Married,63,2,1,2,0
10913,40,high,31385.0,Single,27,1,0,2,1
3032,40,high,24570.0,Married,193,4,0,4,0
8524,50,Low,25509.0,Divorced,101,3,0,3,0
3334,73,high,94642.0,Married,2211,5,7,9,2
4470,62,high,58646.0,Married,140,2,1,4,0
1406,49,high,53201.0,Single,415,6,3,5,0
8619,67,high,21994.0,Together,22,0,0,3,0
10821,46,high,57113.0,Married,263,4,1,5,0
4552,33,high,51373.0,Married,393,3,5,3,0
898,38,high,23477.0,Married,147,3,0,4,0
9797,68,high,58116.0,Married,443,3,3,8,0
10949,61,Low,72968.0,Divorced,1958,5,5,8,1
8212,53,high,39791.0,Married,174,3,1,4,0
6248,77,high,91712.0,Single,2217,9,7,11,1
10164,66,high,94472.0,Single,1691,5,5,5,2
4547,64,high,13672.0,Together,25,1,0,3,0
6815,44,Low,96547.0,Married,809,7,6,8,3
4122,49,high,79205.0,Married,895,6,5,4,1
10841,49,Low,56559.0,Together,484,4,3,8,0
5370,51,Low,32644.0,Married,413,7,1,6,1
176,44,Low,67506.0,Single,331,4,1,6,0
4860,54,high,24206.0,Single,25,1,0,3,0
10757,57,Low,28420.0,Divorced,13,1,0,2,0
4023,54,high,22979.0,Married,115,3,2,2,0
6679,58,high,33279.0,Single,16,0,0,3,0
9923,52,high,46423.0,Single,92,2,0,4,0
7181,47,high,30368.0,Married,52,2,0,3,0
3599,54,high,63684.0,Married,1464,8,4,8,0
405,60,high,41638.0,Divorced,441,5,5,3,1
6870,65,Low,68805.0,Divorced,283,3,1,7,0
832,58,Low,65814.0,Together,747,8,2,10,0
2002,66,high,71964.0,Divorced,1870,5,6,5,0
3657,38,high,39146.0,Single,165,4,0,4,0
500,47,high,96876.0,Together,1941,7,7,9,3
1951,43,Middle,34445.0,Married,839,11,2,8,0
3262,66,high,68281.0,Single,1655,2,9,13,0
4102,49,Low,37284.0,Married,23,0,0,3,0
7042,41,high,36790.0,Married,66,2,1,2,0
10598,57,high,27943.0,Together,37,2,0,3,0
255,73,high,22263.0,Divorced,21,1,0,3,0
2375,52,high,30261.0,Together,22,0,0,3,0
9829,46,high,28587.0,Together,78,2,0,4,0
6214,42,high,43815.0,Married,79,2,0,3,0
4954,68,high,48195.0,Married,265,4,2,5,0
7861,72,high,77027.0,Married,1175,8,3,6,0
4837,59,Low,71322.0,Married,1305,8,5,13,0
9423,45,high,32765.0,Married,46,2,0,4,0
4198,59,high,29672.0,Together,25,0,0,3,0
153,71,high,23272.0,Divorced,46,1,0,3,0
9323,75,high,49912.0,Together,874,10,5,7,1
10001,39,Low,7500.0,Together,100,2,1,3,0
3945,77,Low,68117.0,Widow,930,11,8,4,1
3799,69,high,67225.0,Married,868,7,2,11,0
8625,48,high,17649.0,Married,45,3,0,3,0
3491,49,high,55914.0,Together,1260,11,6,8,0
983,40,high,40059.0,Married,414,6,2,3,1
9119,74,high,60905.0,Together,392,3,3,7,0
4786,47,high,75330.0,Married,1109,10,3,12,0
5872,73,high,60689.0,Single,639,4,4,10,0
6568,40,high,38680.0,Married,79,2,0,3,0
5628,42,high,61416.0,Together,1665,10,3,10,1
5631,33,high,49767.0,Single,692,5,4,8,0
4974,54,high,83273.0,Single,1392,4,6,9,0
8416,43,high,29009.0,Married,44,2,0,3,0
5454,45,high,45057.0,Married,50,2,0,3,0
4095,53,high,37150.0,Married,467,4,3,6,0
5474,54,high,43020.0,Single,223,4,1,4,0
4268,65,high,53154.0,Married,158,3,1,4,0
10701,51,high,65308.0,Married,1211,7,8,12,2
3507,54,high,76467.0,Single,1575,2,5,5,0
2079,77,Low,81044.0,Married,1208,5,6,10,0
626,73,high,32871.0,Married,43,1,0,3,0
4426,49,high,55801.0,Single,527,7,2,6,1
2591,65,high,76320.0,Widow,932,6,3,4,0
10509,69,high,36927.0,Single,71,3,0,3,0
6382,71,high,48794.0,Together,54,1,0,3,0
6673,59,high,23478.0,Single,129,3,0,3,0
7441,51,high,71128.0,Divorced,1615,2,10,12,0
1071,48,Low,70179.0,Divorced,1034,7,3,13,0
10061,74,high,59462.0,Married,1088,9,2,12,0
7187,55,high,51381.5,Together,721,4,10,4,0
8775,55,high,38361.0,Together,137,3,1,3,0
1612,43,Low,51381.5,Single,47,3,0,3,0
2345,42,Low,70038.0,Together,1244,4,4,8,0
322,46,high,42554.0,Together,41,2,0,3,0
10897,50,high,67445.0,Married,1174,9,6,12,0
123,73,high,67046.0,Widow,993,4,5,4,0
6103,76,high,42192.0,Married,100,2,1,3,0
7899,72,Low,77610.0,Married,1680,4,7,4,0
10500,40,high,31761.0,Married,98,3,0,4,0
1655,45,high,34350.0,Together,48,1,0,3,0
2406,75,high,54591.0,Together,519,6,2,8,0
2712,68,high,71866.0,Married,715,6,3,10,0
5517,55,high,25293.0,Married,37,1,1,2,0
10643,37,Low,42000.0,Single,653,5,2,11,0
2254,41,high,69520.0,Married,1455,9,6,5,0
10281,54,high,64713.0,Divorced,602,5,5,7,0
6958,47,high,27889.0,Married,26,1,1,2,0
954,64,Middle,22123.0,Widow,102,2,1,3,0
5079,53,high,51381.5,Married,97,2,1,3,0
10339,70,high,51381.5,Together,207,4,1,4,0
4643,51,high,27803.0,Married,176,3,0,4,0
3117,69,high,51381.5,Single,450,6,1,5,0
6497,64,high,51651.0,Married,433,6,2,5,0
5396,36,high,68487.0,Married,1366,9,7,13,0
5250,81,high,51381.5,Widow,1564,5,5,11,1
1052,55,high,56796.0,Married,1001,8,9,7,0
2802,32,Low,87000.0,Married,961,4,6,7,0
6343,65,high,79823.0,Married,1518,6,9,7,1
6507,44,high,30828.0,Single,56,1,1,4,0
7901,53,high,34109.0,Married,22,0,0,3,0
4865,50,high,53367.0,Divorced,400,5,1,8,0
2686,55,Middle,22390.0,Together,26,1,0,2,0
3107,48,high,71322.0,Together,350,4,1,7,0
7734,31,high,79244.0,Absurd,1216,4,10,7,2
1146,75,high,49912.0,Together,874,10,5,7,1
11031,74,Low,48699.0,Married,40,1,0,3,0
7428,49,high,80144.0,Together,1367,3,7,8,0
975,68,high,54252.0,Single,264,4,1,5,0
1103,48,high,81929.0,Married,2053,4,4,10,2
3422,49,high,76068.0,Married,1376,2,3,4,2
1055,48,high,53204.0,Married,45,1,0,3,0
6544,75,Low,67911.0,Together,976,6,7,11,0
1241,40,Low,14796.0,Married,51,1,0,3,0
2909,50,Low,78128.0,Married,1264,8,4,6,2
5802,52,Middle,14188.0,Married,75,2,0,4,0
1407,38,Middle,20425.0,Married,57,2,0,3,0
6183,62,high,58646.0,Married,140,2,1,4,0
340,54,high,72967.0,Divorced,497,7,2,8,1
5991,75,high,48150.0,Married,266,5,1,4,0
3104,63,high,82332.0,Single,2006,5,3,12,1
9729,69,high,58275.0,Widow,615,8,2,7,0
1008,43,Low,44953.0,Together,1021,7,3,13,1
11091,71,high,34587.0,Together,22,1,0,3,0
3969,50,high,43018.0,Together,133,2,2,2,0
1916,70,high,45736.0,Married,437,7,1,6,0
9907,55,high,66476.0,Together,1013,6,8,10,0
87,43,Low,27733.0,Married,57,2,0,3,0
8659,72,Low,69805.0,Together,1038,6,8,11,0
6262,62,high,72217.0,Single,1573,3,10,8,0
6147,53,high,25818.0,Divorced,28,0,1,2,0
8832,48,high,37509.0,Together,123,3,0,4,0
10067,48,Low,25176.0,Together,13,1,0,2,0
7532,44,high,43586.0,Married,132,3,0,4,0
4915,68,Low,53230.0,Married,732,5,2,12,0
2115,67,high,50116.0,Together,66,1,0,4,1
2088,52,high,84906.0,Together,1631,5,6,12,3
2493,58,high,61286.0,Married,608,7,1,8,0
6292,38,Low,82333.0,Married,1822,4,3,10,1
1631,59,Low,65220.0,Together,1282,8,4,7,0
10104,50,high,33590.0,Together,8,1,0,2,0
3006,48,high,30992.0,Divorced,43,1,0,3,0
3919,48,high,72309.0,Single,1931,5,6,8,1
11181,75,Low,156924.0,Married,8,0,0,0,0
642,44,Middle,16005.0,Married,103,2,1,2,0
4369,67,high,65487.0,Absurd,1169,3,5,6,0
10127,59,high,58692.0,Married,395,8,2,4,0
271,55,high,40590.0,Widow,258,3,4,3,1
4973,54,high,20587.0,Single,25,1,1,2,0
2948,70,high,62637.0,Divorced,185,2,2,5,0
2715,58,high,29435.0,Divorced,180,3,2,2,0
10432,50,high,19346.0,Divorced,22,1,0,3,0
9216,53,high,35788.0,Married,44,2,0,3,0
7124,56,high,36997.0,Divorced,94,2,1,4,0
9727,67,high,23539.0,Married,81,2,0,4,0
5136,51,high,65333.0,Single,798,9,4,8,2
9790,67,high,78499.0,Single,1334,11,3,4,1
1818,53,Low,29732.0,Together,38,2,0,2,0
1100,64,high,41275.0,Together,61,3,1,3,0
7873,51,Low,63516.0,Together,300,4,1,7,0
10609,62,Low,42769.0,Married,88,1,1,4,0
6950,66,high,49572.0,Married,54,2,0,3,0
7233,52,high,69209.0,Married,1782,5,3,6,1
9481,48,high,17148.0,Married,68,3,1,3,0
7699,55,high,40590.0,Widow,258,3,4,3,1
2711,48,high,30560.0,Together,31,1,0,3,0
8933,41,Low,32146.0,Married,66,2,0,4,0
8726,60,Low,41713.0,Divorced,174,3,1,4,0
1515,49,high,34176.0,Together,28,1,0,3,0
5186,69,Low,58482.0,Married,731,7,4,9,1
10157,59,high,59686.0,Single,274,4,1,6,0
5667,60,Low,60896.0,Married,1701,9,10,4,0
902,44,high,62994.0,Together,312,6,2,4,0
977,67,high,47320.0,Together,414,5,1,8,0
7313,75,Low,74859.0,Widow,1565,6,5,11,1
7600,32,Middle,15253.0,Single,29,1,0,3,0
9706,50,Low,31560.0,Single,94,2,1,3,0
2429,70,high,72071.0,Divorced,1338,5,4,8,0
3520,34,high,91172.0,Single,1092,4,3,7,4
10394,40,high,90000.0,Married,1479,4,8,5,3
4548,43,high,41967.0,Single,54,1,0,3,0
9362,59,high,69263.0,Single,568,9,1,7,1
3968,54,Low,65706.0,Divorced,1199,11,3,12,3
4084,49,high,60934.0,Together,873,6,4,11,0
6721,73,high,71965.0,Married,1213,6,3,5,0
2829,69,high,65210.0,Married,731,9,3,8,2
1772,49,Low,79174.0,Married,2043,5,6,7,2
1544,57,high,81380.0,Divorced,1893,4,2,10,0
492,51,Low,48432.0,YOLO,424,7,1,6,0
4377,53,high,52914.0,Married,575,7,3,3,1
4541,69,high,38946.0,Together,257,3,1,6,0
1321,50,high,26067.0,Married,56,3,0,3,0
8858,52,Low,44325.0,Married,542,8,2,7,1
3266,60,high,42523.0,Married,125,1,1,4,0
11187,46,Middle,26487.0,Single,69,2,1,3,0
8207,67,Low,53233.0,Married,40,1,0,3,0
9723,64,high,67716.0,Married,1016,7,4,13,1
2666,52,high,76234.0,Married,907,8,3,11,1
5721,68,Low,84117.0,Married,1566,7,10,6,1
10652,67,high,65487.0,Together,1169,3,5,6,0
1646,52,Middle,25224.0,Married,46,1,1,3,0
4418,41,high,89616.0,Single,1644,7,5,12,0
2656,53,high,40851.0,Divorced,59,1,1,2,0
7990,77,high,27469.0,Married,17,0,0,3,0
8722,67,Low,82347.0,Married,1853,7,7,10,2
7118,67,high,73803.0,Married,1528,9,5,6,1
2980,72,high,8820.0,Single,35,3,0,3,0
1839,50,high,43322.0,Single,141,3,0,4,0
10722,51,high,55593.0,Together,546,6,6,3,1
2632,70,high,50501.0,Married,500,5,4,4,1
9014,49,high,37085.0,Married,61,3,0,3,0
7620,34,Middle,16185.0,Single,106,2,2,2,0
10968,55,high,57731.0,Single,704,8,8,6,0
11133,51,Low,48432.0,YOLO,424,7,1,6,0
2736,46,high,73807.0,Married,849,5,5,11,0
1876,34,high,18929.0,Married,85,1,0,4,0
5959,56,high,35893.0,Single,199,3,1,5,0
1092,44,high,61014.0,Married,1147,9,3,4,0
4333,70,high,32144.0,Together,54,2,1,3,1
3850,61,Middle,14918.0,Together,43,1,0,3,0
6168,61,high,45146.0,Divorced,53,1,1,2,0
607,69,Low,41769.0,Divorced,521,8,1,7,0
10469,43,high,88325.0,Together,1623,6,2,9,0
6983,74,high,38054.0,Divorced,45,2,0,3,0
3661,29,Low,80617.0,Single,1435,4,6,8,0
9303,48,high,5305.0,Married,32,1,0,0,0
692,70,high,36807.0,Together,16,1,0,2,0
736,41,high,28427.0,Together,52,2,0,3,0
9589,76,Low,82032.0,Widow,1234,4,6,7,0
4838,46,high,22775.0,Together,15,1,0,2,0
9246,39,high,40101.0,Together,415,6,1,6,0
6261,45,high,58025.0,Married,470,3,2,10,0
7366,42,high,75777.0,Single,1438,3,6,11,2
10659,45,Low,7500.0,Together,53,3,2,2,0
1448,61,high,33562.0,Married,51,2,0,4,0
4286,54,Low,57642.0,Single,679,7,6,6,1
4749,56,high,58554.0,Together,586,8,2,6,0
4478,45,high,63777.0,Married,653,11,1,6,0
4201,62,high,57967.0,Single,468,4,2,8,0
8720,46,Low,51381.5,Together,1679,0,0,1,1
10084,52,high,24434.0,Married,50,2,1,2,0
7004,40,high,11012.0,Single,84,3,1,2,1
9817,54,high,44802.0,Single,1049,9,4,12,0
8080,38,high,26816.0,Single,22,0,0,3,0
9432,47,high,666666.0,Together,62,3,1,3,0
8372,50,high,34421.0,Married,30,1,0,2,0
10870,57,high,61223.0,Married,1341,9,3,4,0
4001,78,Low,64014.0,Together,444,8,2,5,1
7270,43,high,56981.0,Divorced,1241,2,3,13,1
8235,68,high,69245.0,Together,843,6,5,10,0
9405,70,Low,52869.0,Married,172,3,1,4,0
